{
  "hardware": "NVIDIA RTX PRO 6000 Blackwell Server Edition",
  "model": "NousResearch/Meta-Llama-3.1-8B",
  "context_length": 65536,
  "decode_tokens": 256,
  "warmup_tokens": 16,
  "repeats": 3,
  "seq_len": 65536,
  "per_config": {
    "certified": [
      {
        "config": "certified",
        "tok_per_sec": 0.6459157162267308,
        "ms_per_token_mean": 1548.1896087646485,
        "ms_per_token_median": 1536.7628173828125,
        "ms_per_token_p50": 1536.7628173828125,
        "ms_per_token_p95": 1687.4659423828125,
        "ms_per_token_p99": 1866.86474609375,
        "ms_per_token_min": 1456.40234375,
        "ms_per_token_max": 2022.001708984375,
        "prefill_time_ms": 11713.333894032985,
        "prefill_time_dense_ms": 7555.837515275925,
        "decode_tokens_measured": 240,
        "decode_tokens_warmup": 16,
        "gpu_mem_peak_mb": 61058.9580078125,
        "seq_len": 65536,
        "fp16_cache_capacity_blocks": 4096,
        "fp16_cache_hits": 21966842,
        "fp16_cache_misses": 175361,
        "fp16_cache_h2d_bytes": 5746229248,
        "fp16_cache_evictions": 44801,
        "fp16_cache_hit_rate": 0.9920802370026144,
        "fp16_cache_h2d_mb_per_decode_step": 21.4063720703125
      },
      {
        "config": "certified",
        "tok_per_sec": 0.6491450017967114,
        "ms_per_token_mean": 1540.4878682454428,
        "ms_per_token_median": 1493.1834716796875,
        "ms_per_token_p50": 1493.1834716796875,
        "ms_per_token_p95": 1971.74365234375,
        "ms_per_token_p99": 2252.72119140625,
        "ms_per_token_min": 1439.52490234375,
        "ms_per_token_max": 2382.30712890625,
        "prefill_time_ms": 10090.246088802814,
        "prefill_time_dense_ms": 7413.5281117632985,
        "decode_tokens_measured": 240,
        "decode_tokens_warmup": 16,
        "gpu_mem_peak_mb": 61058.9580078125,
        "seq_len": 65536,
        "fp16_cache_capacity_blocks": 4096,
        "fp16_cache_hits": 21453255,
        "fp16_cache_misses": 174671,
        "fp16_cache_h2d_bytes": 5723619328,
        "fp16_cache_evictions": 44111,
        "fp16_cache_hit_rate": 0.9919238210820585,
        "fp16_cache_h2d_mb_per_decode_step": 21.3221435546875
      },
      {
        "config": "certified",
        "tok_per_sec": 0.6389592244450418,
        "ms_per_token_mean": 1565.0450948079426,
        "ms_per_token_median": 1518.2008056640625,
        "ms_per_token_p50": 1518.2008056640625,
        "ms_per_token_p95": 1997.632568359375,
        "ms_per_token_p99": 2250.701904296875,
        "ms_per_token_min": 1429.444580078125,
        "ms_per_token_max": 2364.1025390625,
        "prefill_time_ms": 10047.256806865335,
        "prefill_time_dense_ms": 7367.950556799769,
        "decode_tokens_measured": 240,
        "decode_tokens_warmup": 16,
        "gpu_mem_peak_mb": 61058.9580078125,
        "seq_len": 65536,
        "fp16_cache_capacity_blocks": 4096,
        "fp16_cache_hits": 21778599,
        "fp16_cache_misses": 175895,
        "fp16_cache_h2d_bytes": 5763727360,
        "fp16_cache_evictions": 45335,
        "fp16_cache_hit_rate": 0.9919882006845614,
        "fp16_cache_h2d_mb_per_decode_step": 21.4715576171875
      }
    ]
  },
  "summary": {
    "certified": {
      "n_repeats": 3,
      "tok_per_sec_mean": 0.6446733141561614,
      "tok_per_sec_std": 0.005205303760892612,
      "tok_per_sec_min": 0.6389592244450418,
      "tok_per_sec_max": 0.6491450017967114,
      "ms_per_token_p50_median": 1518.2008056640625,
      "ms_per_token_p95_median": 1971.74365234375,
      "ms_per_token_p99_median": 2250.701904296875,
      "prefill_time_ms_median": 10090.246088802814,
      "gpu_mem_peak_mb_max": 61058.9580078125
    }
  }
}