{
  "hardware": "NVIDIA RTX PRO 6000 Blackwell Server Edition",
  "model": "NousResearch/Meta-Llama-3.1-8B",
  "context_length": 65536,
  "decode_tokens": 256,
  "warmup_tokens": 16,
  "repeats": 3,
  "seq_len": 65536,
  "per_config": {
    "certified": [
      {
        "config": "certified",
        "tok_per_sec": 0.5200321006932722,
        "ms_per_token_mean": 1922.958214823405,
        "ms_per_token_median": 1893.907470703125,
        "ms_per_token_p50": 1893.907470703125,
        "ms_per_token_p95": 2125.8720703125,
        "ms_per_token_p99": 2237.54541015625,
        "ms_per_token_min": 1835.6051025390625,
        "ms_per_token_max": 2848.077880859375,
        "prefill_time_ms": 12406.273314263672,
        "prefill_time_dense_ms": 7556.8045899271965,
        "decode_tokens_measured": 240,
        "decode_tokens_warmup": 16,
        "gpu_mem_peak_mb": 61058.9580078125,
        "seq_len": 65536,
        "fp16_cache_capacity_blocks": 1024,
        "fp16_cache_hits": 162708,
        "fp16_cache_misses": 21875921,
        "fp16_cache_h2d_bytes": 716830179328,
        "fp16_cache_evictions": 21843665,
        "fp16_cache_hit_rate": 0.007382854895374844,
        "fp16_cache_h2d_mb_per_decode_step": 2670.4005126953125
      },
      {
        "config": "certified",
        "tok_per_sec": 0.5109986143794134,
        "ms_per_token_mean": 1956.9524688720703,
        "ms_per_token_median": 1904.068603515625,
        "ms_per_token_p50": 1904.068603515625,
        "ms_per_token_p95": 2275.0791015625,
        "ms_per_token_p99": 2576.298828125,
        "ms_per_token_min": 1820.2559814453125,
        "ms_per_token_max": 3295.591552734375,
        "prefill_time_ms": 10427.046539727598,
        "prefill_time_dense_ms": 7391.270867083222,
        "decode_tokens_measured": 240,
        "decode_tokens_warmup": 16,
        "gpu_mem_peak_mb": 61058.9580078125,
        "seq_len": 65536,
        "fp16_cache_capacity_blocks": 1024,
        "fp16_cache_hits": 157906,
        "fp16_cache_misses": 21688348,
        "fp16_cache_h2d_bytes": 710683787264,
        "fp16_cache_evictions": 21656092,
        "fp16_cache_hit_rate": 0.007228058412211082,
        "fp16_cache_h2d_mb_per_decode_step": 2647.50341796875
      },
      {
        "config": "certified",
        "tok_per_sec": 0.5123468600250499,
        "ms_per_token_mean": 1951.8027297973633,
        "ms_per_token_median": 1873.17041015625,
        "ms_per_token_p50": 1873.17041015625,
        "ms_per_token_p95": 2431.329345703125,
        "ms_per_token_p99": 2875.75048828125,
        "ms_per_token_min": 1812.1072998046875,
        "ms_per_token_max": 3012.648681640625,
        "prefill_time_ms": 9926.976597867906,
        "prefill_time_dense_ms": 7387.337181717157,
        "decode_tokens_measured": 240,
        "decode_tokens_warmup": 16,
        "gpu_mem_peak_mb": 61058.9580078125,
        "seq_len": 65536,
        "fp16_cache_capacity_blocks": 1024,
        "fp16_cache_hits": 182628,
        "fp16_cache_misses": 21641730,
        "fp16_cache_h2d_bytes": 709156208640,
        "fp16_cache_evictions": 21609474,
        "fp16_cache_hit_rate": 0.008368081205412778,
        "fp16_cache_h2d_mb_per_decode_step": 2641.812744140625
      }
    ]
  },
  "summary": {
    "certified": {
      "n_repeats": 3,
      "tok_per_sec_mean": 0.5144591916992451,
      "tok_per_sec_std": 0.004873133239716005,
      "tok_per_sec_min": 0.5109986143794134,
      "tok_per_sec_max": 0.5200321006932722,
      "ms_per_token_p50_median": 1893.907470703125,
      "ms_per_token_p95_median": 2275.0791015625,
      "ms_per_token_p99_median": 2576.298828125,
      "prefill_time_ms_median": 10427.046539727598,
      "gpu_mem_peak_mb_max": 61058.9580078125
    }
  }
}