{
  "hardware": "NVIDIA RTX PRO 6000 Blackwell Server Edition",
  "model": "NousResearch/Meta-Llama-3.1-8B",
  "context_length": 65536,
  "decode_tokens": 256,
  "warmup_tokens": 16,
  "repeats": 3,
  "seq_len": 65536,
  "per_config": {
    "certified": [
      {
        "config": "certified",
        "tok_per_sec": 1.9313585231727481,
        "ms_per_token_mean": 517.7702575683594,
        "ms_per_token_median": 513.8851928710938,
        "ms_per_token_p50": 513.8851928710938,
        "ms_per_token_p95": 564.1881103515625,
        "ms_per_token_p99": 576.2786865234375,
        "ms_per_token_min": 504.9088134765625,
        "ms_per_token_max": 581.0813598632812,
        "prefill_time_ms": 11769.264361821115,
        "prefill_time_dense_ms": 7557.942418847233,
        "decode_tokens_measured": 240,
        "decode_tokens_warmup": 16,
        "gpu_mem_peak_mb": 61058.9580078125,
        "seq_len": 65536,
        "fp16_cache_capacity_blocks": null,
        "fp16_cache_hits": 0,
        "fp16_cache_misses": 0,
        "fp16_cache_h2d_bytes": 0,
        "fp16_cache_evictions": 0,
        "fp16_cache_hit_rate": 0.0,
        "fp16_cache_h2d_mb_per_decode_step": 0.0
      },
      {
        "config": "certified",
        "tok_per_sec": 1.9346363210505122,
        "ms_per_token_mean": 516.8930145263672,
        "ms_per_token_median": 513.54931640625,
        "ms_per_token_p50": 513.54931640625,
        "ms_per_token_p95": 541.7564086914062,
        "ms_per_token_p99": 574.5333251953125,
        "ms_per_token_min": 506.714111328125,
        "ms_per_token_max": 584.3878784179688,
        "prefill_time_ms": 9975.881618913263,
        "prefill_time_dense_ms": 7367.967552039772,
        "decode_tokens_measured": 240,
        "decode_tokens_warmup": 16,
        "gpu_mem_peak_mb": 61058.9580078125,
        "seq_len": 65536,
        "fp16_cache_capacity_blocks": null,
        "fp16_cache_hits": 0,
        "fp16_cache_misses": 0,
        "fp16_cache_h2d_bytes": 0,
        "fp16_cache_evictions": 0,
        "fp16_cache_hit_rate": 0.0,
        "fp16_cache_h2d_mb_per_decode_step": 0.0
      },
      {
        "config": "certified",
        "tok_per_sec": 1.9307168402409132,
        "ms_per_token_mean": 517.9423409779866,
        "ms_per_token_median": 514.4893188476562,
        "ms_per_token_p50": 514.4893188476562,
        "ms_per_token_p95": 540.6798095703125,
        "ms_per_token_p99": 574.2428588867188,
        "ms_per_token_min": 506.9803466796875,
        "ms_per_token_max": 582.3106689453125,
        "prefill_time_ms": 9868.309515994042,
        "prefill_time_dense_ms": 7349.922649096698,
        "decode_tokens_measured": 240,
        "decode_tokens_warmup": 16,
        "gpu_mem_peak_mb": 61058.9580078125,
        "seq_len": 65536,
        "fp16_cache_capacity_blocks": null,
        "fp16_cache_hits": 0,
        "fp16_cache_misses": 0,
        "fp16_cache_h2d_bytes": 0,
        "fp16_cache_evictions": 0,
        "fp16_cache_hit_rate": 0.0,
        "fp16_cache_h2d_mb_per_decode_step": 0.0
      }
    ]
  },
  "summary": {
    "certified": {
      "n_repeats": 3,
      "tok_per_sec_mean": 1.9322372281547244,
      "tok_per_sec_std": 0.002102302140087462,
      "tok_per_sec_min": 1.9307168402409132,
      "tok_per_sec_max": 1.9346363210505122,
      "ms_per_token_p50_median": 513.8851928710938,
      "ms_per_token_p95_median": 541.7564086914062,
      "ms_per_token_p99_median": 574.5333251953125,
      "prefill_time_ms_median": 9975.881618913263,
      "gpu_mem_peak_mb_max": 61058.9580078125
    }
  }
}