{
  "hardware": "NVIDIA RTX PRO 6000 Blackwell Server Edition",
  "model": "NousResearch/Meta-Llama-3.1-8B",
  "context_length": 65536,
  "decode_tokens": 256,
  "warmup_tokens": 16,
  "repeats": 3,
  "seq_len": 65536,
  "per_config": {
    "certified": [
      {
        "config": "certified",
        "tok_per_sec": 0.6273224029634804,
        "ms_per_token_mean": 1594.0766586303712,
        "ms_per_token_median": 1584.078857421875,
        "ms_per_token_p50": 1584.078857421875,
        "ms_per_token_p95": 1662.1009521484375,
        "ms_per_token_p99": 1692.1549072265625,
        "ms_per_token_min": 1537.7330322265625,
        "ms_per_token_max": 2184.290283203125,
        "prefill_time_ms": 11030.074358917773,
        "prefill_time_dense_ms": 7559.997456148267,
        "decode_tokens_measured": 240,
        "decode_tokens_warmup": 16,
        "gpu_mem_peak_mb": 61058.9580078125,
        "seq_len": 65536,
        "fp16_cache_capacity_blocks": 1024,
        "fp16_cache_hits": 161653,
        "fp16_cache_misses": 19356643,
        "fp16_cache_h2d_bytes": 634278477824,
        "fp16_cache_evictions": 19324387,
        "fp16_cache_hit_rate": 0.00828212667745176,
        "fp16_cache_h2d_mb_per_decode_step": 2362.8714599609375
      },
      {
        "config": "certified",
        "tok_per_sec": 0.6338304364828837,
        "ms_per_token_mean": 1577.7090250651042,
        "ms_per_token_median": 1570.798828125,
        "ms_per_token_p50": 1570.798828125,
        "ms_per_token_p95": 1647.191162109375,
        "ms_per_token_p99": 1662.678955078125,
        "ms_per_token_min": 1539.4283447265625,
        "ms_per_token_max": 1708.2552490234375,
        "prefill_time_ms": 10120.168191380799,
        "prefill_time_dense_ms": 7383.269242011011,
        "decode_tokens_measured": 240,
        "decode_tokens_warmup": 16,
        "gpu_mem_peak_mb": 61058.9580078125,
        "seq_len": 65536,
        "fp16_cache_capacity_blocks": 1024,
        "fp16_cache_hits": 169769,
        "fp16_cache_misses": 19252774,
        "fp16_cache_h2d_bytes": 630874898432,
        "fp16_cache_evictions": 19220518,
        "fp16_cache_hit_rate": 0.008740822455638276,
        "fp16_cache_h2d_mb_per_decode_step": 2350.192138671875
      },
      {
        "config": "certified",
        "tok_per_sec": 0.633826910683945,
        "ms_per_token_mean": 1577.7178014119465,
        "ms_per_token_median": 1570.590576171875,
        "ms_per_token_p50": 1570.590576171875,
        "ms_per_token_p95": 1646.47216796875,
        "ms_per_token_p99": 1666.2353515625,
        "ms_per_token_min": 1533.94384765625,
        "ms_per_token_max": 1696.2191162109375,
        "prefill_time_ms": 10027.982364408672,
        "prefill_time_dense_ms": 7389.951471239328,
        "decode_tokens_measured": 240,
        "decode_tokens_warmup": 16,
        "gpu_mem_peak_mb": 61058.9580078125,
        "seq_len": 65536,
        "fp16_cache_capacity_blocks": 1024,
        "fp16_cache_hits": 191752,
        "fp16_cache_misses": 19241301,
        "fp16_cache_h2d_bytes": 630498951168,
        "fp16_cache_evictions": 19209045,
        "fp16_cache_hit_rate": 0.009867312151106674,
        "fp16_cache_h2d_mb_per_decode_step": 2348.7916259765625
      }
    ]
  },
  "summary": {
    "certified": {
      "n_repeats": 3,
      "tok_per_sec_mean": 0.631659916710103,
      "tok_per_sec_std": 0.0037563975075090065,
      "tok_per_sec_min": 0.6273224029634804,
      "tok_per_sec_max": 0.6338304364828837,
      "ms_per_token_p50_median": 1570.798828125,
      "ms_per_token_p95_median": 1647.191162109375,
      "ms_per_token_p99_median": 1666.2353515625,
      "prefill_time_ms_median": 10120.168191380799,
      "gpu_mem_peak_mb_max": 61058.9580078125
    }
  }
}