{
  "hardware": "NVIDIA RTX PRO 6000 Blackwell Server Edition",
  "model": "NousResearch/Meta-Llama-3.1-8B",
  "context_length": 65536,
  "decode_tokens": 256,
  "warmup_tokens": 16,
  "repeats": 3,
  "seq_len": 65536,
  "per_config": {
    "certified": [
      {
        "config": "certified",
        "tok_per_sec": 0.6071230028183658,
        "ms_per_token_mean": 1647.1126861572266,
        "ms_per_token_median": 1646.9969482421875,
        "ms_per_token_p50": 1646.9969482421875,
        "ms_per_token_p95": 1672.345947265625,
        "ms_per_token_p99": 1680.5478515625,
        "ms_per_token_min": 1598.4271240234375,
        "ms_per_token_max": 1683.2818603515625,
        "prefill_time_ms": 11547.180345281959,
        "prefill_time_dense_ms": 7559.524518437684,
        "decode_tokens_measured": 240,
        "decode_tokens_warmup": 16,
        "gpu_mem_peak_mb": 61058.9580078125,
        "seq_len": 65536,
        "fp16_cache_capacity_blocks": 512,
        "fp16_cache_hits": 134143,
        "fp16_cache_misses": 21906897,
        "fp16_cache_h2d_bytes": 717845200896,
        "fp16_cache_evictions": 21891025,
        "fp16_cache_hit_rate": 0.006086055830396388,
        "fp16_cache_h2d_mb_per_decode_step": 2674.1817626953125
      },
      {
        "config": "certified",
        "tok_per_sec": 0.6114306040855999,
        "ms_per_token_mean": 1635.5085815429688,
        "ms_per_token_median": 1634.881591796875,
        "ms_per_token_p50": 1634.881591796875,
        "ms_per_token_p95": 1662.3380126953125,
        "ms_per_token_p99": 1679.2227783203125,
        "ms_per_token_min": 1586.417724609375,
        "ms_per_token_max": 1700.7257080078125,
        "prefill_time_ms": 9951.562566217035,
        "prefill_time_dense_ms": 7368.11807891354,
        "decode_tokens_measured": 240,
        "decode_tokens_warmup": 16,
        "gpu_mem_peak_mb": 61058.9580078125,
        "seq_len": 65536,
        "fp16_cache_capacity_blocks": 512,
        "fp16_cache_hits": 147655,
        "fp16_cache_misses": 21768531,
        "fp16_cache_h2d_bytes": 713311223808,
        "fp16_cache_evictions": 21752659,
        "fp16_cache_hit_rate": 0.006737258024731128,
        "fp16_cache_h2d_mb_per_decode_step": 2657.2913818359375
      },
      {
        "config": "certified",
        "tok_per_sec": 0.6009098820531432,
        "ms_per_token_mean": 1664.1430435180664,
        "ms_per_token_median": 1649.195068359375,
        "ms_per_token_p50": 1649.195068359375,
        "ms_per_token_p95": 1691.8773193359375,
        "ms_per_token_p99": 2050.559814453125,
        "ms_per_token_min": 1605.6636962890625,
        "ms_per_token_max": 2445.405517578125,
        "prefill_time_ms": 9919.388663955033,
        "prefill_time_dense_ms": 7375.08159596473,
        "decode_tokens_measured": 240,
        "decode_tokens_warmup": 16,
        "gpu_mem_peak_mb": 61058.9580078125,
        "seq_len": 65536,
        "fp16_cache_capacity_blocks": 512,
        "fp16_cache_hits": 131324,
        "fp16_cache_misses": 21866120,
        "fp16_cache_h2d_bytes": 716509020160,
        "fp16_cache_evictions": 21850248,
        "fp16_cache_hit_rate": 0.005969966328815293,
        "fp16_cache_h2d_mb_per_decode_step": 2669.2041015625
      }
    ]
  },
  "summary": {
    "certified": {
      "n_repeats": 3,
      "tok_per_sec_mean": 0.6064878296523697,
      "tok_per_sec_std": 0.005289043555706088,
      "tok_per_sec_min": 0.6009098820531432,
      "tok_per_sec_max": 0.6114306040855999,
      "ms_per_token_p50_median": 1646.9969482421875,
      "ms_per_token_p95_median": 1672.345947265625,
      "ms_per_token_p99_median": 1680.5478515625,
      "prefill_time_ms_median": 9951.562566217035,
      "gpu_mem_peak_mb_max": 61058.9580078125
    }
  }
}