{
  "hardware": "NVIDIA RTX PRO 6000 Blackwell Server Edition",
  "model": "NousResearch/Meta-Llama-3.1-8B",
  "context_length": 65536,
  "decode_tokens": 256,
  "warmup_tokens": 16,
  "repeats": 3,
  "seq_len": 65536,
  "per_config": {
    "certified": [
      {
        "config": "certified",
        "tok_per_sec": 0.5198732357885196,
        "ms_per_token_mean": 1923.5458399454753,
        "ms_per_token_median": 1871.63232421875,
        "ms_per_token_p50": 1871.63232421875,
        "ms_per_token_p95": 2276.52392578125,
        "ms_per_token_p99": 2480.32568359375,
        "ms_per_token_min": 1812.105224609375,
        "ms_per_token_max": 2704.641845703125,
        "prefill_time_ms": 11578.442470170557,
        "prefill_time_dense_ms": 7561.904377769679,
        "decode_tokens_measured": 240,
        "decode_tokens_warmup": 16,
        "gpu_mem_peak_mb": 61058.9580078125,
        "seq_len": 65536,
        "fp16_cache_capacity_blocks": 256,
        "fp16_cache_hits": 125655,
        "fp16_cache_misses": 21711979,
        "fp16_cache_h2d_bytes": 711458127872,
        "fp16_cache_evictions": 21704299,
        "fp16_cache_hit_rate": 0.0057540574221548,
        "fp16_cache_h2d_mb_per_decode_step": 2650.3880615234375
      },
      {
        "config": "certified",
        "tok_per_sec": 0.562687935471563,
        "ms_per_token_mean": 1777.1840072631835,
        "ms_per_token_median": 1726.0155029296875,
        "ms_per_token_p50": 1726.0155029296875,
        "ms_per_token_p95": 2032.8907470703125,
        "ms_per_token_p99": 2798.410888671875,
        "ms_per_token_min": 1676.2510986328125,
        "ms_per_token_max": 2888.255126953125,
        "prefill_time_ms": 10212.90274290368,
        "prefill_time_dense_ms": 7382.811832241714,
        "decode_tokens_measured": 240,
        "decode_tokens_warmup": 16,
        "gpu_mem_peak_mb": 61058.9580078125,
        "seq_len": 65536,
        "fp16_cache_capacity_blocks": 256,
        "fp16_cache_hits": 114645,
        "fp16_cache_misses": 21928957,
        "fp16_cache_h2d_bytes": 718568062976,
        "fp16_cache_evictions": 21921277,
        "fp16_cache_hit_rate": 0.00520082879376973,
        "fp16_cache_h2d_mb_per_decode_step": 2676.8746337890625
      },
      {
        "config": "certified",
        "tok_per_sec": 0.5714309693313846,
        "ms_per_token_mean": 1749.9926564534505,
        "ms_per_token_median": 1705.7791748046875,
        "ms_per_token_p50": 1705.7791748046875,
        "ms_per_token_p95": 2135.088134765625,
        "ms_per_token_p99": 2355.20068359375,
        "ms_per_token_min": 1659.051025390625,
        "ms_per_token_max": 2633.87744140625,
        "prefill_time_ms": 10292.988533619791,
        "prefill_time_dense_ms": 7388.930392917246,
        "decode_tokens_measured": 240,
        "decode_tokens_warmup": 16,
        "gpu_mem_peak_mb": 61058.9580078125,
        "seq_len": 65536,
        "fp16_cache_capacity_blocks": 256,
        "fp16_cache_hits": 123547,
        "fp16_cache_misses": 21726384,
        "fp16_cache_h2d_bytes": 711930150912,
        "fp16_cache_evictions": 21718704,
        "fp16_cache_hit_rate": 0.005654342798611126,
        "fp16_cache_h2d_mb_per_decode_step": 2652.146484375
      }
    ]
  },
  "summary": {
    "certified": {
      "n_repeats": 3,
      "tok_per_sec_mean": 0.5513307135304891,
      "tok_per_sec_std": 0.027591481288313874,
      "tok_per_sec_min": 0.5198732357885196,
      "tok_per_sec_max": 0.5714309693313846,
      "ms_per_token_p50_median": 1726.0155029296875,
      "ms_per_token_p95_median": 2135.088134765625,
      "ms_per_token_p99_median": 2480.32568359375,
      "prefill_time_ms_median": 10292.988533619791,
      "gpu_mem_peak_mb_max": 61058.9580078125
    }
  }
}