{
  "hardware": "NVIDIA RTX PRO 6000 Blackwell Server Edition",
  "model": "NousResearch/Meta-Llama-3.1-8B",
  "context_length": 8192,
  "decode_tokens": 256,
  "warmup_tokens": 16,
  "repeats": 5,
  "seq_len": 7652,
  "per_config": {
    "certified": [
      {
        "config": "certified",
        "tok_per_sec": 6.50955028548961,
        "ms_per_token_mean": 153.62044321695964,
        "ms_per_token_median": 153.24365234375,
        "ms_per_token_p50": 153.24365234375,
        "ms_per_token_p95": 159.39993286132812,
        "ms_per_token_p99": 162.9602813720703,
        "ms_per_token_min": 146.65724182128906,
        "ms_per_token_max": 166.63961791992188,
        "prefill_time_ms": 1466.439742129296,
        "prefill_time_dense_ms": 534.9436332471669,
        "decode_tokens_measured": 240,
        "decode_tokens_warmup": 16,
        "gpu_mem_peak_mb": 14971.181640625,
        "seq_len": 7652,
        "fp16_cache_capacity_blocks": 512,
        "fp16_cache_hits": 3970131,
        "fp16_cache_misses": 15296,
        "fp16_cache_h2d_bytes": 501219328,
        "fp16_cache_evictions": 0,
        "fp16_cache_hit_rate": 0.9961620172694168,
        "fp16_cache_h2d_mb_per_decode_step": 1.8671875
      },
      {
        "config": "certified",
        "tok_per_sec": 6.50119465006915,
        "ms_per_token_mean": 153.81788330078126,
        "ms_per_token_median": 153.17811584472656,
        "ms_per_token_p50": 153.17811584472656,
        "ms_per_token_p95": 159.09487915039062,
        "ms_per_token_p99": 160.30508422851562,
        "ms_per_token_min": 146.57945251464844,
        "ms_per_token_max": 166.16738891601562,
        "prefill_time_ms": 910.3916902095079,
        "prefill_time_dense_ms": 512.8512419760227,
        "decode_tokens_measured": 240,
        "decode_tokens_warmup": 16,
        "gpu_mem_peak_mb": 14971.685546875,
        "seq_len": 7652,
        "fp16_cache_capacity_blocks": 512,
        "fp16_cache_hits": 3970482,
        "fp16_cache_misses": 15296,
        "fp16_cache_h2d_bytes": 501219328,
        "fp16_cache_evictions": 0,
        "fp16_cache_hit_rate": 0.996162355254106,
        "fp16_cache_h2d_mb_per_decode_step": 1.8671875
      },
      {
        "config": "certified",
        "tok_per_sec": 6.5739912663716185,
        "ms_per_token_mean": 152.11459210713704,
        "ms_per_token_median": 151.3131866455078,
        "ms_per_token_p50": 151.3131866455078,
        "ms_per_token_p95": 157.61407470703125,
        "ms_per_token_p99": 162.13504028320312,
        "ms_per_token_min": 147.63929748535156,
        "ms_per_token_max": 165.778564453125,
        "prefill_time_ms": 979.4368799775839,
        "prefill_time_dense_ms": 514.5712369121611,
        "decode_tokens_measured": 240,
        "decode_tokens_warmup": 16,
        "gpu_mem_peak_mb": 14971.685546875,
        "seq_len": 7652,
        "fp16_cache_capacity_blocks": 512,
        "fp16_cache_hits": 3970889,
        "fp16_cache_misses": 15296,
        "fp16_cache_h2d_bytes": 501219328,
        "fp16_cache_evictions": 0,
        "fp16_cache_hit_rate": 0.9961627470877543,
        "fp16_cache_h2d_mb_per_decode_step": 1.8671875
      },
      {
        "config": "certified",
        "tok_per_sec": 6.48434153964508,
        "ms_per_token_mean": 154.2176632563273,
        "ms_per_token_median": 153.8877410888672,
        "ms_per_token_p50": 153.8877410888672,
        "ms_per_token_p95": 158.49594116210938,
        "ms_per_token_p99": 160.6860809326172,
        "ms_per_token_min": 147.7222442626953,
        "ms_per_token_max": 165.0668487548828,
        "prefill_time_ms": 913.9459612779319,
        "prefill_time_dense_ms": 512.0135121978819,
        "decode_tokens_measured": 240,
        "decode_tokens_warmup": 16,
        "gpu_mem_peak_mb": 14971.685546875,
        "seq_len": 7652,
        "fp16_cache_capacity_blocks": 512,
        "fp16_cache_hits": 3970628,
        "fp16_cache_misses": 15296,
        "fp16_cache_h2d_bytes": 501219328,
        "fp16_cache_evictions": 0,
        "fp16_cache_hit_rate": 0.9961624958228005,
        "fp16_cache_h2d_mb_per_decode_step": 1.8671875
      },
      {
        "config": "certified",
        "tok_per_sec": 6.475637586585587,
        "ms_per_token_mean": 154.42494837443033,
        "ms_per_token_median": 154.37107849121094,
        "ms_per_token_p50": 154.37107849121094,
        "ms_per_token_p95": 159.0855712890625,
        "ms_per_token_p99": 161.20115661621094,
        "ms_per_token_min": 146.20159912109375,
        "ms_per_token_max": 164.9029083251953,
        "prefill_time_ms": 846.373600885272,
        "prefill_time_dense_ms": 513.7606477364898,
        "decode_tokens_measured": 240,
        "decode_tokens_warmup": 16,
        "gpu_mem_peak_mb": 14971.685546875,
        "seq_len": 7652,
        "fp16_cache_capacity_blocks": 512,
        "fp16_cache_hits": 3970441,
        "fp16_cache_misses": 15296,
        "fp16_cache_h2d_bytes": 501219328,
        "fp16_cache_evictions": 0,
        "fp16_cache_hit_rate": 0.9961623157774836,
        "fp16_cache_h2d_mb_per_decode_step": 1.8671875
      }
    ]
  },
  "summary": {
    "certified": {
      "n_repeats": 5,
      "tok_per_sec_mean": 6.508943065632209,
      "tok_per_sec_std": 0.03874972611047696,
      "tok_per_sec_min": 6.475637586585587,
      "tok_per_sec_max": 6.5739912663716185,
      "ms_per_token_p50_median": 153.24365234375,
      "ms_per_token_p95_median": 159.0855712890625,
      "ms_per_token_p99_median": 161.20115661621094,
      "prefill_time_ms_median": 913.9459612779319,
      "gpu_mem_peak_mb_max": 14971.685546875
    }
  }
}