{
  "hardware": "NVIDIA RTX PRO 6000 Blackwell Server Edition",
  "model": "NousResearch/Meta-Llama-3.1-8B",
  "context_length": 8192,
  "decode_tokens": 256,
  "warmup_tokens": 16,
  "repeats": 5,
  "seq_len": 7652,
  "per_config": {
    "certified": [
      {
        "config": "certified",
        "tok_per_sec": 3.0380322855505213,
        "ms_per_token_mean": 329.16042556762693,
        "ms_per_token_median": 327.5816650390625,
        "ms_per_token_p50": 327.5816650390625,
        "ms_per_token_p95": 342.3416442871094,
        "ms_per_token_p99": 348.4436340332031,
        "ms_per_token_min": 314.21234130859375,
        "ms_per_token_max": 352.3430480957031,
        "prefill_time_ms": 1763.3257945999503,
        "prefill_time_dense_ms": 535.2857667021453,
        "decode_tokens_measured": 240,
        "decode_tokens_warmup": 16,
        "gpu_mem_peak_mb": 14971.181640625,
        "seq_len": 7652,
        "fp16_cache_capacity_blocks": 64,
        "fp16_cache_hits": 103589,
        "fp16_cache_misses": 3883043,
        "fp16_cache_h2d_bytes": 127239553024,
        "fp16_cache_evictions": 3881507,
        "fp16_cache_hit_rate": 0.025984088824852657,
        "fp16_cache_h2d_mb_per_decode_step": 474.0042724609375
      },
      {
        "config": "certified",
        "tok_per_sec": 3.0253391391337607,
        "ms_per_token_mean": 330.54145469665525,
        "ms_per_token_median": 331.1298522949219,
        "ms_per_token_p50": 331.1298522949219,
        "ms_per_token_p95": 342.340576171875,
        "ms_per_token_p99": 347.15338134765625,
        "ms_per_token_min": 313.85089111328125,
        "ms_per_token_max": 355.9219055175781,
        "prefill_time_ms": 868.0695020593703,
        "prefill_time_dense_ms": 513.2032609544694,
        "decode_tokens_measured": 240,
        "decode_tokens_warmup": 16,
        "gpu_mem_peak_mb": 14971.685546875,
        "seq_len": 7652,
        "fp16_cache_capacity_blocks": 64,
        "fp16_cache_hits": 103843,
        "fp16_cache_misses": 3881990,
        "fp16_cache_h2d_bytes": 127205048320,
        "fp16_cache_evictions": 3880454,
        "fp16_cache_hit_rate": 0.026053023295255974,
        "fp16_cache_h2d_mb_per_decode_step": 473.875732421875
      },
      {
        "config": "certified",
        "tok_per_sec": 3.079745619180495,
        "ms_per_token_mean": 324.7021422068278,
        "ms_per_token_median": 323.87481689453125,
        "ms_per_token_p50": 323.87481689453125,
        "ms_per_token_p95": 332.7272644042969,
        "ms_per_token_p99": 337.29229736328125,
        "ms_per_token_min": 316.4989318847656,
        "ms_per_token_max": 344.3005065917969,
        "prefill_time_ms": 822.4344630725682,
        "prefill_time_dense_ms": 513.2116829045117,
        "decode_tokens_measured": 240,
        "decode_tokens_warmup": 16,
        "gpu_mem_peak_mb": 14971.685546875,
        "seq_len": 7652,
        "fp16_cache_capacity_blocks": 64,
        "fp16_cache_hits": 103894,
        "fp16_cache_misses": 3882249,
        "fp16_cache_h2d_bytes": 127213535232,
        "fp16_cache_evictions": 3880713,
        "fp16_cache_hit_rate": 0.026063791489668083,
        "fp16_cache_h2d_mb_per_decode_step": 473.9073486328125
      },
      {
        "config": "certified",
        "tok_per_sec": 3.0783644921327897,
        "ms_per_token_mean": 324.84782180786135,
        "ms_per_token_median": 324.5905456542969,
        "ms_per_token_p50": 324.5905456542969,
        "ms_per_token_p95": 330.5686950683594,
        "ms_per_token_p99": 332.6822204589844,
        "ms_per_token_min": 315.5077209472656,
        "ms_per_token_max": 343.8622741699219,
        "prefill_time_ms": 904.1251805610955,
        "prefill_time_dense_ms": 513.4249189868569,
        "decode_tokens_measured": 240,
        "decode_tokens_warmup": 16,
        "gpu_mem_peak_mb": 14971.685546875,
        "seq_len": 7652,
        "fp16_cache_capacity_blocks": 64,
        "fp16_cache_hits": 104384,
        "fp16_cache_misses": 3882890,
        "fp16_cache_h2d_bytes": 127234539520,
        "fp16_cache_evictions": 3881354,
        "fp16_cache_hit_rate": 0.026179289409255548,
        "fp16_cache_h2d_mb_per_decode_step": 473.985595703125
      },
      {
        "config": "certified",
        "tok_per_sec": 3.072260812141015,
        "ms_per_token_mean": 325.4931990305583,
        "ms_per_token_median": 325.47528076171875,
        "ms_per_token_p50": 325.47528076171875,
        "ms_per_token_p95": 332.422119140625,
        "ms_per_token_p99": 333.70928955078125,
        "ms_per_token_min": 315.7493591308594,
        "ms_per_token_max": 338.8968811035156,
        "prefill_time_ms": 882.1831829845905,
        "prefill_time_dense_ms": 513.5766640305519,
        "decode_tokens_measured": 240,
        "decode_tokens_warmup": 16,
        "gpu_mem_peak_mb": 14971.685546875,
        "seq_len": 7652,
        "fp16_cache_capacity_blocks": 64,
        "fp16_cache_hits": 104063,
        "fp16_cache_misses": 3882683,
        "fp16_cache_h2d_bytes": 127227756544,
        "fp16_cache_evictions": 3881147,
        "fp16_cache_hit_rate": 0.026102239771482807,
        "fp16_cache_h2d_mb_per_decode_step": 473.9603271484375
      }
    ]
  },
  "summary": {
    "certified": {
      "n_repeats": 5,
      "tok_per_sec_mean": 3.0587484696277163,
      "tok_per_sec_std": 0.025266557320065233,
      "tok_per_sec_min": 3.0253391391337607,
      "tok_per_sec_max": 3.079745619180495,
      "ms_per_token_p50_median": 325.47528076171875,
      "ms_per_token_p95_median": 332.7272644042969,
      "ms_per_token_p99_median": 337.29229736328125,
      "prefill_time_ms_median": 882.1831829845905,
      "gpu_mem_peak_mb_max": 14971.685546875
    }
  }
}