{
  "hardware": "NVIDIA RTX PRO 6000 Blackwell Server Edition",
  "model": "NousResearch/Meta-Llama-3.1-8B",
  "context_length": 8192,
  "decode_tokens": 256,
  "warmup_tokens": 16,
  "repeats": 5,
  "seq_len": 7652,
  "per_config": {
    "certified": [
      {
        "config": "certified",
        "tok_per_sec": 6.5463446807350545,
        "ms_per_token_mean": 152.75700391133626,
        "ms_per_token_median": 152.44493103027344,
        "ms_per_token_p50": 152.44493103027344,
        "ms_per_token_p95": 157.26797485351562,
        "ms_per_token_p99": 160.53453063964844,
        "ms_per_token_min": 146.4514617919922,
        "ms_per_token_max": 161.55238342285156,
        "prefill_time_ms": 1525.003857910633,
        "prefill_time_dense_ms": 539.3827832303941,
        "decode_tokens_measured": 240,
        "decode_tokens_warmup": 16,
        "gpu_mem_peak_mb": 14971.181640625,
        "seq_len": 7652,
        "fp16_cache_capacity_blocks": 768,
        "fp16_cache_hits": 3971603,
        "fp16_cache_misses": 15296,
        "fp16_cache_h2d_bytes": 501219328,
        "fp16_cache_evictions": 0,
        "fp16_cache_hit_rate": 0.9961634342881522,
        "fp16_cache_h2d_mb_per_decode_step": 1.8671875
      },
      {
        "config": "certified",
        "tok_per_sec": 6.568717509224429,
        "ms_per_token_mean": 152.23671875,
        "ms_per_token_median": 152.09164428710938,
        "ms_per_token_p50": 152.09164428710938,
        "ms_per_token_p95": 155.85177612304688,
        "ms_per_token_p99": 158.53875732421875,
        "ms_per_token_min": 145.00656127929688,
        "ms_per_token_max": 169.82115173339844,
        "prefill_time_ms": 914.2858949489892,
        "prefill_time_dense_ms": 511.85545790940523,
        "decode_tokens_measured": 240,
        "decode_tokens_warmup": 16,
        "gpu_mem_peak_mb": 14971.685546875,
        "seq_len": 7652,
        "fp16_cache_capacity_blocks": 768,
        "fp16_cache_hits": 3971175,
        "fp16_cache_misses": 15296,
        "fp16_cache_h2d_bytes": 501219328,
        "fp16_cache_evictions": 0,
        "fp16_cache_hit_rate": 0.996163022382453,
        "fp16_cache_h2d_mb_per_decode_step": 1.8671875
      },
      {
        "config": "certified",
        "tok_per_sec": 6.577731039424743,
        "ms_per_token_mean": 152.0281072616577,
        "ms_per_token_median": 151.2499237060547,
        "ms_per_token_p50": 151.2499237060547,
        "ms_per_token_p95": 156.5347900390625,
        "ms_per_token_p99": 158.98931884765625,
        "ms_per_token_min": 146.7279052734375,
        "ms_per_token_max": 161.27587890625,
        "prefill_time_ms": 903.2039809972048,
        "prefill_time_dense_ms": 514.4045306369662,
        "decode_tokens_measured": 240,
        "decode_tokens_warmup": 16,
        "gpu_mem_peak_mb": 14971.685546875,
        "seq_len": 7652,
        "fp16_cache_capacity_blocks": 768,
        "fp16_cache_hits": 3971165,
        "fp16_cache_misses": 15296,
        "fp16_cache_h2d_bytes": 501219328,
        "fp16_cache_evictions": 0,
        "fp16_cache_hit_rate": 0.9961630127574307,
        "fp16_cache_h2d_mb_per_decode_step": 1.8671875
      },
      {
        "config": "certified",
        "tok_per_sec": 6.610175614481841,
        "ms_per_token_mean": 151.28191115061443,
        "ms_per_token_median": 150.87411499023438,
        "ms_per_token_p50": 150.87411499023438,
        "ms_per_token_p95": 156.00230407714844,
        "ms_per_token_p99": 159.52383422851562,
        "ms_per_token_min": 145.10899353027344,
        "ms_per_token_max": 163.1600341796875,
        "prefill_time_ms": 863.6846551671624,
        "prefill_time_dense_ms": 512.6785659231246,
        "decode_tokens_measured": 240,
        "decode_tokens_warmup": 16,
        "gpu_mem_peak_mb": 14971.685546875,
        "seq_len": 7652,
        "fp16_cache_capacity_blocks": 768,
        "fp16_cache_hits": 3971059,
        "fp16_cache_misses": 15296,
        "fp16_cache_h2d_bytes": 501219328,
        "fp16_cache_evictions": 0,
        "fp16_cache_hit_rate": 0.996162910729225,
        "fp16_cache_h2d_mb_per_decode_step": 1.8671875
      },
      {
        "config": "certified",
        "tok_per_sec": 6.546588906061345,
        "ms_per_token_mean": 152.75130519866943,
        "ms_per_token_median": 152.60873413085938,
        "ms_per_token_p50": 152.60873413085938,
        "ms_per_token_p95": 157.46351623535156,
        "ms_per_token_p99": 159.8453826904297,
        "ms_per_token_min": 144.7342071533203,
        "ms_per_token_max": 166.58531188964844,
        "prefill_time_ms": 866.9449300505221,
        "prefill_time_dense_ms": 511.77710108458996,
        "decode_tokens_measured": 240,
        "decode_tokens_warmup": 16,
        "gpu_mem_peak_mb": 14971.685546875,
        "seq_len": 7652,
        "fp16_cache_capacity_blocks": 768,
        "fp16_cache_hits": 3970682,
        "fp16_cache_misses": 15296,
        "fp16_cache_h2d_bytes": 501219328,
        "fp16_cache_evictions": 0,
        "fp16_cache_hit_rate": 0.9961625478113527,
        "fp16_cache_h2d_mb_per_decode_step": 1.8671875
      }
    ]
  },
  "summary": {
    "certified": {
      "n_repeats": 5,
      "tok_per_sec_mean": 6.569911549985482,
      "tok_per_sec_std": 0.026377585579785257,
      "tok_per_sec_min": 6.5463446807350545,
      "tok_per_sec_max": 6.610175614481841,
      "ms_per_token_p50_median": 152.09164428710938,
      "ms_per_token_p95_median": 156.5347900390625,
      "ms_per_token_p99_median": 159.52383422851562,
      "prefill_time_ms_median": 903.2039809972048,
      "gpu_mem_peak_mb_max": 14971.685546875
    }
  }
}