{
  "hardware": "NVIDIA RTX PRO 6000 Blackwell Server Edition",
  "model": "NousResearch/Meta-Llama-3.1-8B",
  "context_length": 8192,
  "decode_tokens": 256,
  "warmup_tokens": 16,
  "repeats": 5,
  "seq_len": 7652,
  "per_config": {
    "certified": [
      {
        "config": "certified",
        "tok_per_sec": 8.125701871529213,
        "ms_per_token_mean": 123.06629209518432,
        "ms_per_token_median": 122.5000991821289,
        "ms_per_token_p50": 122.5000991821289,
        "ms_per_token_p95": 128.68234252929688,
        "ms_per_token_p99": 130.2425537109375,
        "ms_per_token_min": 115.51436614990234,
        "ms_per_token_max": 145.3824005126953,
        "prefill_time_ms": 1760.3617501445115,
        "prefill_time_dense_ms": 534.9513101391494,
        "decode_tokens_measured": 240,
        "decode_tokens_warmup": 16,
        "gpu_mem_peak_mb": 14971.181640625,
        "seq_len": 7652,
        "fp16_cache_capacity_blocks": null,
        "fp16_cache_hits": 0,
        "fp16_cache_misses": 0,
        "fp16_cache_h2d_bytes": 0,
        "fp16_cache_evictions": 0,
        "fp16_cache_hit_rate": 0.0,
        "fp16_cache_h2d_mb_per_decode_step": 0.0
      },
      {
        "config": "certified",
        "tok_per_sec": 8.291830552002967,
        "ms_per_token_mean": 120.60063139597575,
        "ms_per_token_median": 120.32406616210938,
        "ms_per_token_p50": 120.32406616210938,
        "ms_per_token_p95": 123.77190399169922,
        "ms_per_token_p99": 125.44204711914062,
        "ms_per_token_min": 114.84774780273438,
        "ms_per_token_max": 126.97293090820312,
        "prefill_time_ms": 858.447315171361,
        "prefill_time_dense_ms": 519.1442822106183,
        "decode_tokens_measured": 240,
        "decode_tokens_warmup": 16,
        "gpu_mem_peak_mb": 14971.685546875,
        "seq_len": 7652,
        "fp16_cache_capacity_blocks": null,
        "fp16_cache_hits": 0,
        "fp16_cache_misses": 0,
        "fp16_cache_h2d_bytes": 0,
        "fp16_cache_evictions": 0,
        "fp16_cache_hit_rate": 0.0,
        "fp16_cache_h2d_mb_per_decode_step": 0.0
      },
      {
        "config": "certified",
        "tok_per_sec": 8.251958203966845,
        "ms_per_token_mean": 121.18335736592611,
        "ms_per_token_median": 120.73165130615234,
        "ms_per_token_p50": 120.73165130615234,
        "ms_per_token_p95": 124.60643005371094,
        "ms_per_token_p99": 128.13516235351562,
        "ms_per_token_min": 116.5291519165039,
        "ms_per_token_max": 137.3675537109375,
        "prefill_time_ms": 872.0973897725344,
        "prefill_time_dense_ms": 512.9305650480092,
        "decode_tokens_measured": 240,
        "decode_tokens_warmup": 16,
        "gpu_mem_peak_mb": 14971.685546875,
        "seq_len": 7652,
        "fp16_cache_capacity_blocks": null,
        "fp16_cache_hits": 0,
        "fp16_cache_misses": 0,
        "fp16_cache_h2d_bytes": 0,
        "fp16_cache_evictions": 0,
        "fp16_cache_hit_rate": 0.0,
        "fp16_cache_h2d_mb_per_decode_step": 0.0
      },
      {
        "config": "certified",
        "tok_per_sec": 8.356870371300822,
        "ms_per_token_mean": 119.66202125549316,
        "ms_per_token_median": 119.13420867919922,
        "ms_per_token_p50": 119.13420867919922,
        "ms_per_token_p95": 123.64697265625,
        "ms_per_token_p99": 125.57823944091797,
        "ms_per_token_min": 114.89794921875,
        "ms_per_token_max": 128.20938110351562,
        "prefill_time_ms": 1019.1499558277428,
        "prefill_time_dense_ms": 513.3563647978008,
        "decode_tokens_measured": 240,
        "decode_tokens_warmup": 16,
        "gpu_mem_peak_mb": 14971.685546875,
        "seq_len": 7652,
        "fp16_cache_capacity_blocks": null,
        "fp16_cache_hits": 0,
        "fp16_cache_misses": 0,
        "fp16_cache_h2d_bytes": 0,
        "fp16_cache_evictions": 0,
        "fp16_cache_hit_rate": 0.0,
        "fp16_cache_h2d_mb_per_decode_step": 0.0
      },
      {
        "config": "certified",
        "tok_per_sec": 8.332262079778882,
        "ms_per_token_mean": 120.01542803446452,
        "ms_per_token_median": 119.63597106933594,
        "ms_per_token_p50": 119.63597106933594,
        "ms_per_token_p95": 123.71660614013672,
        "ms_per_token_p99": 126.14656066894531,
        "ms_per_token_min": 113.4735336303711,
        "ms_per_token_max": 126.54796600341797,
        "prefill_time_ms": 910.6050790287554,
        "prefill_time_dense_ms": 512.1263051405549,
        "decode_tokens_measured": 240,
        "decode_tokens_warmup": 16,
        "gpu_mem_peak_mb": 14971.685546875,
        "seq_len": 7652,
        "fp16_cache_capacity_blocks": null,
        "fp16_cache_hits": 0,
        "fp16_cache_misses": 0,
        "fp16_cache_h2d_bytes": 0,
        "fp16_cache_evictions": 0,
        "fp16_cache_hit_rate": 0.0,
        "fp16_cache_h2d_mb_per_decode_step": 0.0
      }
    ]
  },
  "summary": {
    "certified": {
      "n_repeats": 5,
      "tok_per_sec_mean": 8.271724615715746,
      "tok_per_sec_std": 0.09087379404499354,
      "tok_per_sec_min": 8.125701871529213,
      "tok_per_sec_max": 8.356870371300822,
      "ms_per_token_p50_median": 120.32406616210938,
      "ms_per_token_p95_median": 123.77190399169922,
      "ms_per_token_p99_median": 126.14656066894531,
      "prefill_time_ms_median": 910.6050790287554,
      "gpu_mem_peak_mb_max": 14971.685546875
    }
  }
}