{
  "hardware": "NVIDIA RTX PRO 6000 Blackwell Server Edition",
  "model": "NousResearch/Meta-Llama-3.1-8B",
  "context_length": 8192,
  "decode_tokens": 256,
  "warmup_tokens": 16,
  "repeats": 5,
  "seq_len": 7652,
  "per_config": {
    "certified": [
      {
        "config": "certified",
        "tok_per_sec": 2.803450670651226,
        "ms_per_token_mean": 356.70326232910156,
        "ms_per_token_median": 356.9849548339844,
        "ms_per_token_p50": 356.9849548339844,
        "ms_per_token_p95": 363.7309875488281,
        "ms_per_token_p99": 368.66046142578125,
        "ms_per_token_min": 343.0880432128906,
        "ms_per_token_max": 370.1780700683594,
        "prefill_time_ms": 1801.4730410650373,
        "prefill_time_dense_ms": 534.1138020157814,
        "decode_tokens_measured": 240,
        "decode_tokens_warmup": 16,
        "gpu_mem_peak_mb": 14971.181640625,
        "seq_len": 7652,
        "fp16_cache_capacity_blocks": 256,
        "fp16_cache_hits": 139678,
        "fp16_cache_misses": 3846880,
        "fp16_cache_h2d_bytes": 126054563840,
        "fp16_cache_evictions": 3839200,
        "fp16_cache_hit_rate": 0.03503724265393856,
        "fp16_cache_h2d_mb_per_decode_step": 469.58984375
      },
      {
        "config": "certified",
        "tok_per_sec": 2.8304720476827083,
        "ms_per_token_mean": 353.29795989990237,
        "ms_per_token_median": 352.9256591796875,
        "ms_per_token_p50": 352.9256591796875,
        "ms_per_token_p95": 363.2762451171875,
        "ms_per_token_p99": 366.86456298828125,
        "ms_per_token_min": 339.9465026855469,
        "ms_per_token_max": 374.2035217285156,
        "prefill_time_ms": 889.917251188308,
        "prefill_time_dense_ms": 512.6258162781596,
        "decode_tokens_measured": 240,
        "decode_tokens_warmup": 16,
        "gpu_mem_peak_mb": 14971.685546875,
        "seq_len": 7652,
        "fp16_cache_capacity_blocks": 256,
        "fp16_cache_hits": 138180,
        "fp16_cache_misses": 3847220,
        "fp16_cache_h2d_bytes": 126065704960,
        "fp16_cache_evictions": 3839540,
        "fp16_cache_hit_rate": 0.03467155116174035,
        "fp16_cache_h2d_mb_per_decode_step": 469.63134765625
      },
      {
        "config": "certified",
        "tok_per_sec": 2.810592249424623,
        "ms_per_token_mean": 355.79689661661786,
        "ms_per_token_median": 356.04376220703125,
        "ms_per_token_p50": 356.04376220703125,
        "ms_per_token_p95": 364.072998046875,
        "ms_per_token_p99": 366.8777160644531,
        "ms_per_token_min": 344.13671875,
        "ms_per_token_max": 369.8728942871094,
        "prefill_time_ms": 854.8998390324414,
        "prefill_time_dense_ms": 513.833484146744,
        "decode_tokens_measured": 240,
        "decode_tokens_warmup": 16,
        "gpu_mem_peak_mb": 14971.685546875,
        "seq_len": 7652,
        "fp16_cache_capacity_blocks": 256,
        "fp16_cache_hits": 139264,
        "fp16_cache_misses": 3847542,
        "fp16_cache_h2d_bytes": 126076256256,
        "fp16_cache_evictions": 3839862,
        "fp16_cache_hit_rate": 0.03493122063125219,
        "fp16_cache_h2d_mb_per_decode_step": 469.670654296875
      },
      {
        "config": "certified",
        "tok_per_sec": 2.8209143356168984,
        "ms_per_token_mean": 354.49499028523763,
        "ms_per_token_median": 353.9476623535156,
        "ms_per_token_p50": 353.9476623535156,
        "ms_per_token_p95": 362.52978515625,
        "ms_per_token_p99": 364.53070068359375,
        "ms_per_token_min": 345.30303955078125,
        "ms_per_token_max": 372.2620544433594,
        "prefill_time_ms": 888.8316941447556,
        "prefill_time_dense_ms": 514.6688101813197,
        "decode_tokens_measured": 240,
        "decode_tokens_warmup": 16,
        "gpu_mem_peak_mb": 14971.685546875,
        "seq_len": 7652,
        "fp16_cache_capacity_blocks": 256,
        "fp16_cache_hits": 139380,
        "fp16_cache_misses": 3846886,
        "fp16_cache_h2d_bytes": 126054760448,
        "fp16_cache_evictions": 3839206,
        "fp16_cache_hit_rate": 0.034965052507785484,
        "fp16_cache_h2d_mb_per_decode_step": 469.590576171875
      },
      {
        "config": "certified",
        "tok_per_sec": 2.827073030595784,
        "ms_per_token_mean": 353.72273343404134,
        "ms_per_token_median": 353.9015808105469,
        "ms_per_token_p50": 353.9015808105469,
        "ms_per_token_p95": 365.0017395019531,
        "ms_per_token_p99": 369.4878845214844,
        "ms_per_token_min": 338.2087707519531,
        "ms_per_token_max": 373.1650695800781,
        "prefill_time_ms": 869.5752671919763,
        "prefill_time_dense_ms": 513.6148780584335,
        "decode_tokens_measured": 240,
        "decode_tokens_warmup": 16,
        "gpu_mem_peak_mb": 14971.685546875,
        "seq_len": 7652,
        "fp16_cache_capacity_blocks": 256,
        "fp16_cache_hits": 139672,
        "fp16_cache_misses": 3847885,
        "fp16_cache_h2d_bytes": 126087495680,
        "fp16_cache_evictions": 3840205,
        "fp16_cache_hit_rate": 0.035026960116181415,
        "fp16_cache_h2d_mb_per_decode_step": 469.7125244140625
      }
    ]
  },
  "summary": {
    "certified": {
      "n_repeats": 5,
      "tok_per_sec_mean": 2.818500466794248,
      "tok_per_sec_std": 0.011310068829422324,
      "tok_per_sec_min": 2.803450670651226,
      "tok_per_sec_max": 2.8304720476827083,
      "ms_per_token_p50_median": 353.9476623535156,
      "ms_per_token_p95_median": 363.7309875488281,
      "ms_per_token_p99_median": 366.8777160644531,
      "prefill_time_ms_median": 888.8316941447556,
      "gpu_mem_peak_mb_max": 14971.685546875
    }
  }
}