{
  "hardware": "NVIDIA RTX PRO 6000 Blackwell Server Edition",
  "model": "NousResearch/Meta-Llama-3.1-8B",
  "context_length": 8192,
  "decode_tokens": 256,
  "warmup_tokens": 16,
  "repeats": 5,
  "seq_len": 7652,
  "per_config": {
    "certified": [
      {
        "config": "certified",
        "tok_per_sec": 6.559233176039122,
        "ms_per_token_mean": 152.45684566497803,
        "ms_per_token_median": 151.8551025390625,
        "ms_per_token_p50": 151.8551025390625,
        "ms_per_token_p95": 158.16624450683594,
        "ms_per_token_p99": 161.19500732421875,
        "ms_per_token_min": 146.5374755859375,
        "ms_per_token_max": 162.34495544433594,
        "prefill_time_ms": 1901.9937231205404,
        "prefill_time_dense_ms": 535.4837882332504,
        "decode_tokens_measured": 240,
        "decode_tokens_warmup": 16,
        "gpu_mem_peak_mb": 14971.181640625,
        "seq_len": 7652,
        "fp16_cache_capacity_blocks": 1024,
        "fp16_cache_hits": 3972538,
        "fp16_cache_misses": 15296,
        "fp16_cache_h2d_bytes": 501219328,
        "fp16_cache_evictions": 0,
        "fp16_cache_hit_rate": 0.9961643338213175,
        "fp16_cache_h2d_mb_per_decode_step": 1.8671875
      },
      {
        "config": "certified",
        "tok_per_sec": 6.562004147369155,
        "ms_per_token_mean": 152.3924669265747,
        "ms_per_token_median": 152.4295654296875,
        "ms_per_token_p50": 152.4295654296875,
        "ms_per_token_p95": 158.06668090820312,
        "ms_per_token_p99": 159.68051147460938,
        "ms_per_token_min": 145.31993103027344,
        "ms_per_token_max": 164.9653778076172,
        "prefill_time_ms": 889.129189774394,
        "prefill_time_dense_ms": 511.83295994997025,
        "decode_tokens_measured": 240,
        "decode_tokens_warmup": 16,
        "gpu_mem_peak_mb": 14971.685546875,
        "seq_len": 7652,
        "fp16_cache_capacity_blocks": 1024,
        "fp16_cache_hits": 3971219,
        "fp16_cache_misses": 15296,
        "fp16_cache_h2d_bytes": 501219328,
        "fp16_cache_evictions": 0,
        "fp16_cache_hit_rate": 0.9961630647319777,
        "fp16_cache_h2d_mb_per_decode_step": 1.8671875
      },
      {
        "config": "certified",
        "tok_per_sec": 6.411071121050836,
        "ms_per_token_mean": 155.9801757176717,
        "ms_per_token_median": 155.1278076171875,
        "ms_per_token_p50": 155.1278076171875,
        "ms_per_token_p95": 165.59715270996094,
        "ms_per_token_p99": 173.0432891845703,
        "ms_per_token_min": 145.92201232910156,
        "ms_per_token_max": 174.91250610351562,
        "prefill_time_ms": 880.9377658180892,
        "prefill_time_dense_ms": 512.566345743835,
        "decode_tokens_measured": 240,
        "decode_tokens_warmup": 16,
        "gpu_mem_peak_mb": 14971.685546875,
        "seq_len": 7652,
        "fp16_cache_capacity_blocks": 1024,
        "fp16_cache_hits": 3970752,
        "fp16_cache_misses": 15296,
        "fp16_cache_h2d_bytes": 501219328,
        "fp16_cache_evictions": 0,
        "fp16_cache_hit_rate": 0.9961626152018239,
        "fp16_cache_h2d_mb_per_decode_step": 1.8671875
      },
      {
        "config": "certified",
        "tok_per_sec": 6.510354363507329,
        "ms_per_token_mean": 153.60146993001302,
        "ms_per_token_median": 153.29685974121094,
        "ms_per_token_p50": 153.29685974121094,
        "ms_per_token_p95": 158.96470642089844,
        "ms_per_token_p99": 162.4688262939453,
        "ms_per_token_min": 145.02703857421875,
        "ms_per_token_max": 169.21804809570312,
        "prefill_time_ms": 964.0117809176445,
        "prefill_time_dense_ms": 512.9690421745181,
        "decode_tokens_measured": 240,
        "decode_tokens_warmup": 16,
        "gpu_mem_peak_mb": 14971.685546875,
        "seq_len": 7652,
        "fp16_cache_capacity_blocks": 1024,
        "fp16_cache_hits": 3971813,
        "fp16_cache_misses": 15296,
        "fp16_cache_h2d_bytes": 501219328,
        "fp16_cache_evictions": 0,
        "fp16_cache_hit_rate": 0.9961636363590762,
        "fp16_cache_h2d_mb_per_decode_step": 1.8671875
      },
      {
        "config": "certified",
        "tok_per_sec": 6.497933473735012,
        "ms_per_token_mean": 153.8950812657674,
        "ms_per_token_median": 153.58050537109375,
        "ms_per_token_p50": 153.58050537109375,
        "ms_per_token_p95": 159.62521362304688,
        "ms_per_token_p99": 161.21942138671875,
        "ms_per_token_min": 146.21282958984375,
        "ms_per_token_max": 164.21888732910156,
        "prefill_time_ms": 871.1027181707323,
        "prefill_time_dense_ms": 514.254183974117,
        "decode_tokens_measured": 240,
        "decode_tokens_warmup": 16,
        "gpu_mem_peak_mb": 14971.685546875,
        "seq_len": 7652,
        "fp16_cache_capacity_blocks": 1024,
        "fp16_cache_hits": 3970440,
        "fp16_cache_misses": 15296,
        "fp16_cache_h2d_bytes": 501219328,
        "fp16_cache_evictions": 0,
        "fp16_cache_hit_rate": 0.9961623148146289,
        "fp16_cache_h2d_mb_per_decode_step": 1.8671875
      }
    ]
  },
  "summary": {
    "certified": {
      "n_repeats": 5,
      "tok_per_sec_mean": 6.508119256340291,
      "tok_per_sec_std": 0.06132556706354544,
      "tok_per_sec_min": 6.411071121050836,
      "tok_per_sec_max": 6.562004147369155,
      "ms_per_token_p50_median": 153.29685974121094,
      "ms_per_token_p95_median": 158.96470642089844,
      "ms_per_token_p99_median": 161.21942138671875,
      "prefill_time_ms_median": 889.129189774394,
      "gpu_mem_peak_mb_max": 14971.685546875
    }
  }
}