{
  "hardware": "NVIDIA RTX PRO 6000 Blackwell Server Edition",
  "model": "NousResearch/Meta-Llama-3.1-8B",
  "context_length": 8192,
  "decode_tokens": 256,
  "warmup_tokens": 16,
  "repeats": 5,
  "seq_len": 7652,
  "per_config": {
    "certified": [
      {
        "config": "certified",
        "tok_per_sec": 2.778411544735791,
        "ms_per_token_mean": 359.9178825378418,
        "ms_per_token_median": 359.83258056640625,
        "ms_per_token_p50": 359.83258056640625,
        "ms_per_token_p95": 368.1310729980469,
        "ms_per_token_p99": 373.5316467285156,
        "ms_per_token_min": 347.3971252441406,
        "ms_per_token_max": 376.8146057128906,
        "prefill_time_ms": 1894.2530751228333,
        "prefill_time_dense_ms": 539.7891709581017,
        "decode_tokens_measured": 240,
        "decode_tokens_warmup": 16,
        "gpu_mem_peak_mb": 14971.181640625,
        "seq_len": 7652,
        "fp16_cache_capacity_blocks": 0,
        "fp16_cache_hits": 0,
        "fp16_cache_misses": 3986374,
        "fp16_cache_h2d_bytes": 130625503232,
        "fp16_cache_evictions": 480,
        "fp16_cache_hit_rate": 0.0,
        "fp16_cache_h2d_mb_per_decode_step": 486.617919921875
      },
      {
        "config": "certified",
        "tok_per_sec": 2.7950579609894017,
        "ms_per_token_mean": 357.77433382670085,
        "ms_per_token_median": 357.4384765625,
        "ms_per_token_p50": 357.4384765625,
        "ms_per_token_p95": 368.1055908203125,
        "ms_per_token_p99": 371.15814208984375,
        "ms_per_token_min": 346.7027282714844,
        "ms_per_token_max": 378.85858154296875,
        "prefill_time_ms": 984.7612148150802,
        "prefill_time_dense_ms": 556.2306479550898,
        "decode_tokens_measured": 240,
        "decode_tokens_warmup": 16,
        "gpu_mem_peak_mb": 14971.685546875,
        "seq_len": 7652,
        "fp16_cache_capacity_blocks": 0,
        "fp16_cache_hits": 0,
        "fp16_cache_misses": 3986916,
        "fp16_cache_h2d_bytes": 130643263488,
        "fp16_cache_evictions": 480,
        "fp16_cache_hit_rate": 0.0,
        "fp16_cache_h2d_mb_per_decode_step": 486.68408203125
      },
      {
        "config": "certified",
        "tok_per_sec": 2.7692842343512067,
        "ms_per_token_mean": 361.10413932800293,
        "ms_per_token_median": 361.1453552246094,
        "ms_per_token_p50": 361.1453552246094,
        "ms_per_token_p95": 369.8800354003906,
        "ms_per_token_p99": 373.76507568359375,
        "ms_per_token_min": 348.5972595214844,
        "ms_per_token_max": 380.3309631347656,
        "prefill_time_ms": 894.0632627345622,
        "prefill_time_dense_ms": 513.3257387205958,
        "decode_tokens_measured": 240,
        "decode_tokens_warmup": 16,
        "gpu_mem_peak_mb": 14971.685546875,
        "seq_len": 7652,
        "fp16_cache_capacity_blocks": 0,
        "fp16_cache_hits": 0,
        "fp16_cache_misses": 3985931,
        "fp16_cache_h2d_bytes": 130610987008,
        "fp16_cache_evictions": 480,
        "fp16_cache_hit_rate": 0.0,
        "fp16_cache_h2d_mb_per_decode_step": 486.5638427734375
      },
      {
        "config": "certified",
        "tok_per_sec": 2.7716779876770268,
        "ms_per_token_mean": 360.792272567749,
        "ms_per_token_median": 360.71624755859375,
        "ms_per_token_p50": 360.71624755859375,
        "ms_per_token_p95": 369.4786376953125,
        "ms_per_token_p99": 372.1030578613281,
        "ms_per_token_min": 346.8226623535156,
        "ms_per_token_max": 379.1851501464844,
        "prefill_time_ms": 847.7601571939886,
        "prefill_time_dense_ms": 513.2616050541401,
        "decode_tokens_measured": 240,
        "decode_tokens_warmup": 16,
        "gpu_mem_peak_mb": 14971.685546875,
        "seq_len": 7652,
        "fp16_cache_capacity_blocks": 0,
        "fp16_cache_hits": 0,
        "fp16_cache_misses": 3987109,
        "fp16_cache_h2d_bytes": 130649587712,
        "fp16_cache_evictions": 480,
        "fp16_cache_hit_rate": 0.0,
        "fp16_cache_h2d_mb_per_decode_step": 486.7076416015625
      },
      {
        "config": "certified",
        "tok_per_sec": 2.7562085035045696,
        "ms_per_token_mean": 362.81725374857587,
        "ms_per_token_median": 362.6956481933594,
        "ms_per_token_p50": 362.6956481933594,
        "ms_per_token_p95": 371.5388488769531,
        "ms_per_token_p99": 375.9216613769531,
        "ms_per_token_min": 350.7517395019531,
        "ms_per_token_max": 381.94891357421875,
        "prefill_time_ms": 848.4940403141081,
        "prefill_time_dense_ms": 515.8194550313056,
        "decode_tokens_measured": 240,
        "decode_tokens_warmup": 16,
        "gpu_mem_peak_mb": 14971.685546875,
        "seq_len": 7652,
        "fp16_cache_capacity_blocks": 0,
        "fp16_cache_hits": 0,
        "fp16_cache_misses": 3986774,
        "fp16_cache_h2d_bytes": 130638610432,
        "fp16_cache_evictions": 480,
        "fp16_cache_hit_rate": 0.0,
        "fp16_cache_h2d_mb_per_decode_step": 486.666748046875
      }
    ]
  },
  "summary": {
    "certified": {
      "n_repeats": 5,
      "tok_per_sec_mean": 2.774128046251599,
      "tok_per_sec_std": 0.014203740732669664,
      "tok_per_sec_min": 2.7562085035045696,
      "tok_per_sec_max": 2.7950579609894017,
      "ms_per_token_p50_median": 360.71624755859375,
      "ms_per_token_p95_median": 369.4786376953125,
      "ms_per_token_p99_median": 373.5316467285156,
      "prefill_time_ms_median": 894.0632627345622,
      "gpu_mem_peak_mb_max": 14971.685546875
    }
  }
}