{
  "hardware": "NVIDIA RTX PRO 6000 Blackwell Server Edition",
  "model": "NousResearch/Meta-Llama-3.1-8B",
  "context_length": 8192,
  "decode_tokens": 256,
  "warmup_tokens": 16,
  "repeats": 5,
  "seq_len": 7652,
  "per_config": {
    "certified": [
      {
        "config": "certified",
        "tok_per_sec": 6.639964322755175,
        "ms_per_token_mean": 150.60321884155275,
        "ms_per_token_median": 150.22694396972656,
        "ms_per_token_p50": 150.22694396972656,
        "ms_per_token_p95": 155.0028839111328,
        "ms_per_token_p99": 157.0088653564453,
        "ms_per_token_min": 144.34918212890625,
        "ms_per_token_max": 158.8838348388672,
        "prefill_time_ms": 1769.6067090146244,
        "prefill_time_dense_ms": 537.1980289928615,
        "decode_tokens_measured": 240,
        "decode_tokens_warmup": 16,
        "gpu_mem_peak_mb": 14971.181640625,
        "seq_len": 7652,
        "fp16_cache_capacity_blocks": 640,
        "fp16_cache_hits": 3971891,
        "fp16_cache_misses": 15296,
        "fp16_cache_h2d_bytes": 501219328,
        "fp16_cache_evictions": 0,
        "fp16_cache_hit_rate": 0.9961637114085695,
        "fp16_cache_h2d_mb_per_decode_step": 1.8671875
      },
      {
        "config": "certified",
        "tok_per_sec": 6.685865567574136,
        "ms_per_token_mean": 149.56926517486573,
        "ms_per_token_median": 149.51014709472656,
        "ms_per_token_p50": 149.51014709472656,
        "ms_per_token_p95": 153.6337890625,
        "ms_per_token_p99": 155.43994140625,
        "ms_per_token_min": 143.66819763183594,
        "ms_per_token_max": 160.54885864257812,
        "prefill_time_ms": 939.9106539785862,
        "prefill_time_dense_ms": 512.0296352542937,
        "decode_tokens_measured": 240,
        "decode_tokens_warmup": 16,
        "gpu_mem_peak_mb": 14971.685546875,
        "seq_len": 7652,
        "fp16_cache_capacity_blocks": 640,
        "fp16_cache_hits": 3971216,
        "fp16_cache_misses": 15296,
        "fp16_cache_h2d_bytes": 501219328,
        "fp16_cache_evictions": 0,
        "fp16_cache_hit_rate": 0.9961630618445398,
        "fp16_cache_h2d_mb_per_decode_step": 1.8671875
      },
      {
        "config": "certified",
        "tok_per_sec": 6.670571393315583,
        "ms_per_token_mean": 149.9121950785319,
        "ms_per_token_median": 149.81304931640625,
        "ms_per_token_p50": 149.81304931640625,
        "ms_per_token_p95": 154.18470764160156,
        "ms_per_token_p99": 156.295166015625,
        "ms_per_token_min": 142.21209716796875,
        "ms_per_token_max": 158.78140258789062,
        "prefill_time_ms": 875.2737492322922,
        "prefill_time_dense_ms": 512.3177221976221,
        "decode_tokens_measured": 240,
        "decode_tokens_warmup": 16,
        "gpu_mem_peak_mb": 14971.685546875,
        "seq_len": 7652,
        "fp16_cache_capacity_blocks": 640,
        "fp16_cache_hits": 3972082,
        "fp16_cache_misses": 15296,
        "fp16_cache_h2d_bytes": 501219328,
        "fp16_cache_evictions": 0,
        "fp16_cache_hit_rate": 0.9961638951712127,
        "fp16_cache_h2d_mb_per_decode_step": 1.8671875
      },
      {
        "config": "certified",
        "tok_per_sec": 6.652563386019653,
        "ms_per_token_mean": 150.31799653371175,
        "ms_per_token_median": 150.13990783691406,
        "ms_per_token_p50": 150.13990783691406,
        "ms_per_token_p95": 154.14064025878906,
        "ms_per_token_p99": 155.3868865966797,
        "ms_per_token_min": 145.5319061279297,
        "ms_per_token_max": 156.95770263671875,
        "prefill_time_ms": 895.0962601229548,
        "prefill_time_dense_ms": 513.8595839962363,
        "decode_tokens_measured": 240,
        "decode_tokens_warmup": 16,
        "gpu_mem_peak_mb": 14971.685546875,
        "seq_len": 7652,
        "fp16_cache_capacity_blocks": 640,
        "fp16_cache_hits": 3970331,
        "fp16_cache_misses": 15296,
        "fp16_cache_h2d_bytes": 501219328,
        "fp16_cache_evictions": 0,
        "fp16_cache_hit_rate": 0.9961622098605816,
        "fp16_cache_h2d_mb_per_decode_step": 1.8671875
      },
      {
        "config": "certified",
        "tok_per_sec": 6.6396268032831705,
        "ms_per_token_mean": 150.6108746210734,
        "ms_per_token_median": 150.25254821777344,
        "ms_per_token_p50": 150.25254821777344,
        "ms_per_token_p95": 155.8939208984375,
        "ms_per_token_p99": 158.0800018310547,
        "ms_per_token_min": 143.5187225341797,
        "ms_per_token_max": 167.55810546875,
        "prefill_time_ms": 885.5718621052802,
        "prefill_time_dense_ms": 512.7765908837318,
        "decode_tokens_measured": 240,
        "decode_tokens_warmup": 16,
        "gpu_mem_peak_mb": 14971.685546875,
        "seq_len": 7652,
        "fp16_cache_capacity_blocks": 640,
        "fp16_cache_hits": 3971603,
        "fp16_cache_misses": 15296,
        "fp16_cache_h2d_bytes": 501219328,
        "fp16_cache_evictions": 0,
        "fp16_cache_hit_rate": 0.9961634342881522,
        "fp16_cache_h2d_mb_per_decode_step": 1.8671875
      }
    ]
  },
  "summary": {
    "certified": {
      "n_repeats": 5,
      "tok_per_sec_mean": 6.657718294589543,
      "tok_per_sec_std": 0.020165253403308214,
      "tok_per_sec_min": 6.6396268032831705,
      "tok_per_sec_max": 6.685865567574136,
      "ms_per_token_p50_median": 150.13990783691406,
      "ms_per_token_p95_median": 154.18470764160156,
      "ms_per_token_p99_median": 156.295166015625,
      "prefill_time_ms_median": 895.0962601229548,
      "gpu_mem_peak_mb_max": 14971.685546875
    }
  }
}