{
  "hardware": "NVIDIA RTX PRO 6000 Blackwell Server Edition",
  "model": "NousResearch/Meta-Llama-3.1-8B",
  "context_length": 8192,
  "decode_tokens": 256,
  "warmup_tokens": 16,
  "repeats": 5,
  "seq_len": 7652,
  "per_config": {
    "certified": [
      {
        "config": "certified",
        "tok_per_sec": 3.0166678320169007,
        "ms_per_token_mean": 331.49158465067546,
        "ms_per_token_median": 331.52716064453125,
        "ms_per_token_p50": 331.52716064453125,
        "ms_per_token_p95": 339.5102844238281,
        "ms_per_token_p99": 344.447998046875,
        "ms_per_token_min": 318.11175537109375,
        "ms_per_token_max": 347.9664611816406,
        "prefill_time_ms": 1567.9906569421291,
        "prefill_time_dense_ms": 537.2823248617351,
        "decode_tokens_measured": 240,
        "decode_tokens_warmup": 16,
        "gpu_mem_peak_mb": 14971.181640625,
        "seq_len": 7652,
        "fp16_cache_capacity_blocks": 384,
        "fp16_cache_hits": 227948,
        "fp16_cache_misses": 3758324,
        "fp16_cache_h2d_bytes": 123152760832,
        "fp16_cache_evictions": 3746548,
        "fp16_cache_hit_rate": 0.05718325292403529,
        "fp16_cache_h2d_mb_per_decode_step": 458.77978515625
      },
      {
        "config": "certified",
        "tok_per_sec": 3.0427104084474883,
        "ms_per_token_mean": 328.6543462117513,
        "ms_per_token_median": 328.6169738769531,
        "ms_per_token_p50": 328.6169738769531,
        "ms_per_token_p95": 337.4960632324219,
        "ms_per_token_p99": 340.2629089355469,
        "ms_per_token_min": 314.43939208984375,
        "ms_per_token_max": 346.27069091796875,
        "prefill_time_ms": 863.9060221612453,
        "prefill_time_dense_ms": 512.9229370504618,
        "decode_tokens_measured": 240,
        "decode_tokens_warmup": 16,
        "gpu_mem_peak_mb": 14971.685546875,
        "seq_len": 7652,
        "fp16_cache_capacity_blocks": 384,
        "fp16_cache_hits": 228058,
        "fp16_cache_misses": 3757523,
        "fp16_cache_h2d_bytes": 123126513664,
        "fp16_cache_evictions": 3745747,
        "fp16_cache_hit_rate": 0.057220766558250855,
        "fp16_cache_h2d_mb_per_decode_step": 458.6820068359375
      },
      {
        "config": "certified",
        "tok_per_sec": 3.022506626370514,
        "ms_per_token_mean": 330.85121841430663,
        "ms_per_token_median": 330.5287780761719,
        "ms_per_token_p50": 330.5287780761719,
        "ms_per_token_p95": 340.6172180175781,
        "ms_per_token_p99": 344.9161682128906,
        "ms_per_token_min": 316.47845458984375,
        "ms_per_token_max": 351.61395263671875,
        "prefill_time_ms": 893.8162950798869,
        "prefill_time_dense_ms": 512.5025450251997,
        "decode_tokens_measured": 240,
        "decode_tokens_warmup": 16,
        "gpu_mem_peak_mb": 14971.685546875,
        "seq_len": 7652,
        "fp16_cache_capacity_blocks": 384,
        "fp16_cache_hits": 227011,
        "fp16_cache_misses": 3758728,
        "fp16_cache_h2d_bytes": 123165999104,
        "fp16_cache_evictions": 3746952,
        "fp16_cache_hit_rate": 0.056955811707690845,
        "fp16_cache_h2d_mb_per_decode_step": 458.8291015625
      },
      {
        "config": "certified",
        "tok_per_sec": 3.0313525182983247,
        "ms_per_token_mean": 329.88575032552086,
        "ms_per_token_median": 329.05523681640625,
        "ms_per_token_p50": 329.05523681640625,
        "ms_per_token_p95": 338.9644470214844,
        "ms_per_token_p99": 344.0762939453125,
        "ms_per_token_min": 314.1836853027344,
        "ms_per_token_max": 351.74810791015625,
        "prefill_time_ms": 885.2874906733632,
        "prefill_time_dense_ms": 512.9941129125655,
        "decode_tokens_measured": 240,
        "decode_tokens_warmup": 16,
        "gpu_mem_peak_mb": 14971.685546875,
        "seq_len": 7652,
        "fp16_cache_capacity_blocks": 384,
        "fp16_cache_hits": 228065,
        "fp16_cache_misses": 3758150,
        "fp16_cache_h2d_bytes": 123147059200,
        "fp16_cache_evictions": 3746374,
        "fp16_cache_hit_rate": 0.05721342175472221,
        "fp16_cache_h2d_mb_per_decode_step": 458.758544921875
      },
      {
        "config": "certified",
        "tok_per_sec": 3.0180819529423637,
        "ms_per_token_mean": 331.3362644195557,
        "ms_per_token_median": 331.5343322753906,
        "ms_per_token_p50": 331.5343322753906,
        "ms_per_token_p95": 339.198974609375,
        "ms_per_token_p99": 341.02886962890625,
        "ms_per_token_min": 318.76300048828125,
        "ms_per_token_max": 342.2310485839844,
        "prefill_time_ms": 858.3118417300284,
        "prefill_time_dense_ms": 513.6916157789528,
        "decode_tokens_measured": 240,
        "decode_tokens_warmup": 16,
        "gpu_mem_peak_mb": 14971.685546875,
        "seq_len": 7652,
        "fp16_cache_capacity_blocks": 384,
        "fp16_cache_hits": 227477,
        "fp16_cache_misses": 3758693,
        "fp16_cache_h2d_bytes": 123164852224,
        "fp16_cache_evictions": 3746917,
        "fp16_cache_hit_rate": 0.057066557622981455,
        "fp16_cache_h2d_mb_per_decode_step": 458.8248291015625
      }
    ]
  },
  "summary": {
    "certified": {
      "n_repeats": 5,
      "tok_per_sec_mean": 3.026263867615118,
      "tok_per_sec_std": 0.010834292314350336,
      "tok_per_sec_min": 3.0166678320169007,
      "tok_per_sec_max": 3.0427104084474883,
      "ms_per_token_p50_median": 330.5287780761719,
      "ms_per_token_p95_median": 339.198974609375,
      "ms_per_token_p99_median": 344.0762939453125,
      "prefill_time_ms_median": 885.2874906733632,
      "gpu_mem_peak_mb_max": 14971.685546875
    }
  }
}