{
  "heatmaps": {
    "dense": {
      "8K_d0.0": 0.5,
      "8K_d0.1": 0.3,
      "8K_d0.2": 0.3,
      "8K_d0.3": 0.3,
      "8K_d0.4": 0.3,
      "8K_d0.5": 0.5,
      "8K_d0.6": 0.3,
      "8K_d0.7": 0.5,
      "8K_d0.8": 0.5,
      "8K_d0.9": 0.4
    },
    "certified": {
      "8K_d0.0": 0.5,
      "8K_d0.1": 0.3,
      "8K_d0.2": 0.3,
      "8K_d0.3": 0.3,
      "8K_d0.4": 0.3,
      "8K_d0.5": 0.4,
      "8K_d0.6": 0.2,
      "8K_d0.7": 0.4,
      "8K_d0.8": 0.6,
      "8K_d0.9": 0.4
    }
  },
  "dense_accuracy": 0.39,
  "certified_accuracy": 0.37,
  "critical_failures": 4,
  "ranking_fallback_summary": {
    "mode": "full",
    "r": 1,
    "heads_total": 4491264,
    "disagree_r1": 5182,
    "disagree_r3": 108750,
    "triggered": 5182,
    "disagree_rate_r1": 0.0011537954571363429,
    "disagree_rate_r3": 0.024213673478112176,
    "fallback_rate": 0.0011537954571363429
  }
}