{
  "heatmaps": {
    "dense": {
      "8K_d0.0": 0.5,
      "8K_d0.1": 0.3,
      "8K_d0.2": 0.3,
      "8K_d0.3": 0.3,
      "8K_d0.4": 0.3,
      "8K_d0.5": 0.5,
      "8K_d0.6": 0.3,
      "8K_d0.7": 0.5,
      "8K_d0.8": 0.5,
      "8K_d0.9": 0.4
    },
    "certified": {
      "8K_d0.0": 0.4,
      "8K_d0.1": 0.4,
      "8K_d0.2": 0.3,
      "8K_d0.3": 0.3,
      "8K_d0.4": 0.3,
      "8K_d0.5": 0.4,
      "8K_d0.6": 0.3,
      "8K_d0.7": 0.4,
      "8K_d0.8": 0.6,
      "8K_d0.9": 0.5
    }
  },
  "dense_accuracy": 0.39,
  "certified_accuracy": 0.39,
  "critical_failures": 6,
  "ranking_fallback_summary": {
    "mode": "full",
    "r": 1,
    "heads_total": 4340736,
    "disagree_r1": 5152,
    "disagree_r3": 101860,
    "triggered": 5152,
    "disagree_rate_r1": 0.0011868954942203349,
    "disagree_rate_r3": 0.023466066584100023,
    "fallback_rate": 0.0011868954942203349
  }
}