{
  "heatmaps": {
    "dense": {
      "8K_d0.0": 0.5,
      "8K_d0.1": 0.3,
      "8K_d0.2": 0.3,
      "8K_d0.3": 0.3,
      "8K_d0.4": 0.3,
      "8K_d0.5": 0.5,
      "8K_d0.6": 0.3,
      "8K_d0.7": 0.5,
      "8K_d0.8": 0.5,
      "8K_d0.9": 0.4
    },
    "certified": {
      "8K_d0.0": 0.6,
      "8K_d0.1": 0.3,
      "8K_d0.2": 0.3,
      "8K_d0.3": 0.3,
      "8K_d0.4": 0.2,
      "8K_d0.5": 0.4,
      "8K_d0.6": 0.2,
      "8K_d0.7": 0.4,
      "8K_d0.8": 0.7,
      "8K_d0.9": 0.5
    }
  },
  "dense_accuracy": 0.39,
  "certified_accuracy": 0.39,
  "critical_failures": 5,
  "ranking_fallback_summary": {
    "mode": "full",
    "r": 1,
    "heads_total": 4503552,
    "disagree_r1": 5288,
    "disagree_r3": 109660,
    "triggered": 5288,
    "disagree_rate_r1": 0.0011741842883128694,
    "disagree_rate_r3": 0.024349668883583447,
    "fallback_rate": 0.0011741842883128694
  }
}