{
  "benchmark": "decode_speed_compare",
  "model": "NousResearch/Meta-Llama-3.1-8B",
  "mode": "both",
  "context_length": 131072,
  "prefix_len": 65536,
  "chunk_tokens": 131072,
  "chunk_index": 0,
  "book_idx": 14,
  "warmup_steps": 8,
  "measure_steps": 128,
  "measured_token_start": 65544,
  "measured_token_end_exclusive": 65672,
  "cache_config": {
    "v_tolerance": 0.05,
    "quantization_mode": "asymmetric_int8_keys+int4_g16_values",
    "asymmetric_keys": true,
    "use_int4_values": true,
    "group_size": 16,
    "score_consistency_check": false,
    "tau_cov": 0.995,
    "k_min": 2,
    "k_max": 128,
    "ranking_fallback": true,
    "ranking_r": 1,
    "ranking_fallback_mode": "full",
    "fp16_key_cache_blocks": 2048,
    "fp16_value_cache_blocks": 256,
    "eps_guard": 0.01,
    "exploration_rate": 0.02,
    "rung1_threshold": 0.02,
    "rung1_multiplier": 2.0,
    "attention_backend": "native_blackwell",
    "static_resident_cache": "1",
    "splitk_blocks_per_split": "auto_native_32_24_16",
    "cuda_graph_decode": false,
    "runtime_profile": "0",
    "code_sha": "008bfdcedf10291f8b948932dd5b54aba7c0138f-dirty",
    "dotcache_config_hash": "f00a9a24795fc52d436d291d893be4c5499cf8bf0d4ead2525e40c80e4d8b948"
  },
  "dense": {
    "prefill_s": 7.231470781844109,
    "decode_s": 9.359198627993464,
    "decode_steps": 128,
    "decode_tok_s": 13.676384601684871,
    "decode_ms_per_token": 73.11873928119894,
    "decode_step_ms": [
      95.9800033569336,
      73.75862121582031,
      69.79341125488281,
      73.2991714477539,
      74.17603302001953,
      73.82447814941406,
      74.78749084472656,
      69.61567687988281,
      69.6607666015625,
      74.79670715332031,
      73.49152374267578,
      73.98365020751953,
      74.4194564819336,
      72.39785766601562,
      70.9853744506836,
      71.39539337158203,
      73.57158660888672,
      73.73478698730469,
      72.89769744873047,
      72.10454559326172,
      69.50262451171875,
      73.74524688720703,
      74.22716522216797,
      75.12086486816406,
      75.459228515625,
      74.24784088134766,
      73.92675018310547,
      73.04316711425781,
      74.03622436523438,
      74.63900756835938,
      72.58531188964844,
      68.88467407226562,
      74.62921905517578,
      73.32640075683594,
      70.74361419677734,
      73.43180847167969,
      69.5169906616211,
      73.8485107421875,
      74.93638610839844,
      73.83312225341797,
      73.76102447509766,
      73.17772674560547,
      73.80137634277344,
      74.58265686035156,
      74.17100524902344,
      72.87612915039062,
      73.46345520019531,
      71.14569854736328,
      72.8966064453125,
      73.58386993408203,
      75.78278350830078,
      73.90995025634766,
      70.86393737792969,
      73.30944061279297,
      73.32006072998047,
      74.17001342773438,
      75.09977722167969,
      75.16844940185547,
      73.40038299560547,
      73.55974578857422,
      72.26697540283203,
      73.25494384765625,
      73.8238754272461,
      73.7768325805664,
      72.85110473632812,
      68.17958068847656,
      71.82035064697266,
      68.2943344116211,
      72.13737487792969,
      68.04041290283203,
      68.89222717285156,
      72.27388763427734,
      74.10857391357422,
      75.50899505615234,
      74.40140533447266,
      74.0409927368164,
      66.66470336914062,
      72.97853088378906,
      72.41667175292969,
      73.0513916015625,
      74.24678039550781,
      73.45222473144531,
      74.71577453613281,
      75.1817626953125,
      70.51376342773438,
      72.01868438720703,
      75.75619506835938,
      73.98201751708984,
      71.5827865600586,
      72.43901062011719,
      73.20076751708984,
      75.00409698486328,
      74.489501953125,
      73.51776123046875,
      73.14144134521484,
      71.20028686523438,
      71.17279815673828,
      74.03030395507812,
      75.33634948730469,
      73.77884674072266,
      74.88272094726562,
      73.74755096435547,
      69.59379577636719,
      65.55609893798828,
      68.12329864501953,
      72.93814086914062,
      74.32259368896484,
      72.01964569091797,
      73.2383041381836,
      73.24124908447266,
      74.05474853515625,
      70.66793823242188,
      74.40918731689453,
      76.650146484375,
      68.68492889404297,
      73.00758361816406,
      66.98185729980469,
      73.99737548828125,
      74.01702117919922,
      71.2034912109375,
      74.39222717285156,
      74.82230377197266,
      74.92451477050781,
      74.85359954833984,
      75.74230194091797,
      73.68214416503906,
      72.4128646850586,
      74.9086685180664
    ],
    "decode_step_ms_stats": {
      "mean": 73.11736798286438,
      "std": 2.906665611660467,
      "n": 128
    },
    "nll": 272.9429016113281,
    "perplexity": 8.434803490749266
  },
  "certified": {
    "prefill_s": 6.909832849865779,
    "cache_build_s": 20.892127368133515,
    "cache_decode_budget": 65551,
    "cache_runtime": {
      "static_resident_key_cache": false,
      "static_resident_value_cache": false,
      "static_resident_key_prepare_bytes": 0,
      "static_resident_value_prepare_bytes": 0,
      "vram_fp16_key_cache_bytes": 2147483648,
      "vram_fp16_value_cache_bytes": 268435456
    },
    "decode_s": 40.40530625986867,
    "decode_steps": 128,
    "decode_tok_s": 3.167900749885717,
    "decode_ms_per_token": 315.66645515522396,