{
  "benchmark": "decode_speed_compare",
  "model": "NousResearch/Meta-Llama-3.1-8B",
  "mode": "both",
  "context_length": 131072,
  "prefix_len": 65536,
  "chunk_tokens": 131072,
  "chunk_index": 0,
  "book_idx": 14,
  "warmup_steps": 8,
  "measure_steps": 128,
  "measured_token_start": 65544,
  "measured_token_end_exclusive": 65672,
  "cache_config": {
    "v_tolerance": 0.05,
    "quantization_mode": "asymmetric_int8_keys+int4_g16_values",
    "asymmetric_keys": true,
    "use_int4_values": true,
    "group_size": 16,
    "score_consistency_check": false,
    "tau_cov": 0.995,
    "k_min": 2,
    "k_max": 128,
    "ranking_fallback": true,
    "ranking_r": 1,
    "ranking_fallback_mode": "full",
    "fp16_key_cache_blocks": 2048,
    "fp16_value_cache_blocks": 0,
    "eps_guard": 0.01,
    "exploration_rate": 0.02,
    "rung1_threshold": 0.02,
    "rung1_multiplier": 2.0,
    "attention_backend": "native_blackwell",
    "static_resident_cache": "1",
    "splitk_blocks_per_split": "auto_native_32_24_16",
    "cuda_graph_decode": false,
    "runtime_profile": "0",
    "code_sha": "eb7e5db37a22c67764bdd739514deec138d2cd8f-dirty",
    "dotcache_config_hash": "075b5a2145508ab94995e714815946f17fd88d0126173c213f0a8da674b1af7a"
  },
  "dense": {
    "prefill_s": 7.232051407918334,
    "decode_s": 9.379180268850178,
    "decode_steps": 128,
    "decode_tok_s": 13.647248088951798,
    "decode_ms_per_token": 73.27484585039201,
    "decode_step_ms": [
      96.6233901977539,
      73.41126251220703,
      70.17743682861328,
      73.8505630493164,
      74.7577896118164,
      76.52623748779297,
      75.67628479003906,
      70.01872253417969,
      69.97161865234375,
      74.53968048095703,
      73.93244934082031,
      75.16841888427734,
      74.56633758544922,
      72.47731018066406,
      71.25206756591797,
      71.76258850097656,
      70.69513702392578,
      74.00825500488281,
      74.82268524169922,
      72.7824935913086,
      69.66646575927734,
      73.89904022216797,
      73.82390594482422,
      74.05120086669922,
      74.31126403808594,
      77.46697235107422,
      73.81779479980469,
      73.12041473388672,
      74.4632339477539,
      74.7455062866211,
      72.8740463256836,
      68.80278778076172,
      74.7260513305664,
      73.5228500366211,
      70.78572845458984,
      73.65801239013672,
      69.3664321899414,
      74.33475494384766,
      74.41020965576172,
      73.5914535522461,
      73.72252655029297,
      73.19004821777344,
      74.02259063720703,
      74.1151351928711,
      73.99449920654297,
      74.02825927734375,
      73.8986587524414,
      69.73811340332031,
      72.65094757080078,
      73.95849609375,
      76.07158660888672,
      73.96463775634766,
      73.29100799560547,
      75.55753326416016,
      73.24636840820312,
      73.9985580444336,
      72.72150421142578,
      74.34003448486328,
      73.32009887695312,
      74.39631652832031,
      72.25103759765625,
      73.1203842163086,
      73.87554931640625,
      73.55414581298828,
      72.6937255859375,
      68.03113555908203,
      71.83574676513672,
      68.1863021850586,
      73.78502655029297,
      68.35926055908203,
      69.12223815917969,
      72.11325073242188,
      74.2218246459961,
      75.56777954101562,
      73.92569732666016,
      73.75631713867188,
      68.63075256347656,
      73.9176025390625,
      72.17881774902344,
      73.16342163085938,
      74.22972869873047,
      73.57049560546875,
      74.6046371459961,
      74.28521728515625,
      70.93775939941406,
      72.11891174316406,
      75.81561279296875,
      74.06495666503906,
      71.69664001464844,
      72.57295989990234,
      73.31295776367188,
      73.80178833007812,
      72.99651336669922,
      73.92870330810547,
      73.25091552734375,
      71.61673736572266,
      71.50147247314453,
      74.33321380615234,
      75.34249877929688,
      73.8826904296875,
      74.16754913330078,
      74.7008285522461,
      70.11241912841797,
      65.48540496826172,
      68.01315307617188,
      72.86605072021484,
      74.33427429199219,
      72.26905822753906,
      73.4071044921875,
      75.25238037109375,
      75.59539031982422,
      70.96489715576172,
      73.49830627441406,
      76.4422378540039,
      68.967041015625,
      73.10435485839844,
      67.21094512939453,
      74.09932708740234,
      75.16742706298828,
      71.5014419555664,
      74.71887969970703,
      75.04962921142578,
      75.01484680175781,
      74.17718505859375,
      74.0706558227539,
      73.64876556396484,
      72.51273345947266,
      75.83961486816406
    ],
    "decode_step_ms_stats": {
      "mean": 73.27368831634521,
      "std": 2.9409054354770374,
      "n": 128
    },
    "nll": 272.9429016113281,
    "perplexity": 8.434803490749266
  },
  "certified": {
    "prefill_s": 6.898975937161595,
    "cache_build_s": 20.80753791006282,
    "cache_decode_budget": 65551,
    "cache_runtime": {
      "static_resident_key_cache": false,
      "static_resident_value_cache": false,
      "static_resident_key_prepare_bytes": 0,
      "static_resident_value_prepare_bytes": 0,
      "vram_fp16_key_cache_bytes": 2147483648,
      "vram_fp16_value_cache_bytes": 0
    },
    "decode_s": 80.06332047097385,
    "decode_steps": 128,
    "decode_tok_s": 1.5987345921582794,
    "decode_ms_per_token": 625.4946911794832,