{
  "benchmark": "decode_speed_compare",
  "model": "NousResearch/Meta-Llama-3.1-8B",
  "mode": "both",
  "context_length": 131072,
  "prefix_len": 65536,
  "chunk_tokens": 131072,
  "chunk_index": 0,
  "book_idx": 14,
  "warmup_steps": 8,
  "measure_steps": 128,
  "measured_token_start": 65544,
  "measured_token_end_exclusive": 65672,
  "cache_config": {
    "v_tolerance": 0.05,
    "quantization_mode": "asymmetric_int8_keys+int4_g16_values",
    "asymmetric_keys": true,
    "use_int4_values": true,
    "group_size": 16,
    "score_consistency_check": false,
    "tau_cov": 0.995,
    "k_min": 2,
    "k_max": 128,
    "ranking_fallback": true,
    "ranking_r": 1,
    "ranking_fallback_mode": "full",
    "fp16_key_cache_blocks": 2048,
    "fp16_value_cache_blocks": 0,
    "eps_guard": 0.01,
    "exploration_rate": 0.02,
    "rung1_threshold": 0.02,
    "rung1_multiplier": 2.0,
    "attention_backend": "native_blackwell",
    "static_resident_cache": "1",
    "splitk_blocks_per_split": "auto_native_32_24_16",
    "cuda_graph_decode": false,
    "runtime_profile": "0",
    "code_sha": "eb7e5db37a22c67764bdd739514deec138d2cd8f-dirty",
    "dotcache_config_hash": "075b5a2145508ab94995e714815946f17fd88d0126173c213f0a8da674b1af7a"
  },
  "dense": {
    "prefill_s": 7.225347157102078,
    "decode_s": 9.493456464027986,
    "decode_steps": 128,
    "decode_tok_s": 13.482971190209765,
    "decode_ms_per_token": 74.16762862521864,
    "decode_step_ms": [
      97.68041229248047,
      75.22281646728516,
      71.83529663085938,
      74.50691223144531,
      75.30255889892578,
      74.67996978759766,
      75.73779296875,
      73.63549041748047,
      71.02015686035156,
      75.30665588378906,
      74.60419464111328,
      75.07730865478516,
      75.11001586914062,
      75.01277160644531,
      73.1695327758789,
      72.77532958984375,
      71.7154541015625,
      74.89807891845703,
      73.9170913696289,
      73.42352294921875,
      70.59420776367188,
      74.79158020019531,
      74.74652862548828,
      74.84175872802734,
      74.62777709960938,
      76.7330551147461,
      74.64514923095703,
      74.2314224243164,
      75.1929931640625,
      76.02448272705078,
      73.7890853881836,
      70.45801544189453,
      76.32860565185547,
      74.45366668701172,
      71.70467376708984,
      74.33443450927734,
      70.26710510253906,
      75.03427124023438,
      76.11151885986328,
      76.27228546142578,
      74.52124786376953,
      74.12188720703125,
      75.07318115234375,
      75.1725082397461,
      74.73219299316406,
      74.31539154052734,
      74.7239990234375,
      70.58297729492188,
      73.36758422851562,
      74.4915542602539,
      76.76073455810547,
      74.73324584960938,
      72.08348846435547,
      74.17862701416016,
      74.30726623535156,
      75.16780853271484,
      73.69075012207031,
      75.44796752929688,
      74.53763580322266,
      75.4664306640625,
      73.05587005615234,
      73.96524810791016,
      74.60006713867188,
      74.57244873046875,
      73.65699005126953,
      68.7509765625,
      74.9748764038086,
      69.735107421875,
      72.93750762939453,
      68.98553466796875,
      69.62895965576172,
      73.11119842529297,
      74.90115356445312,
      76.49961853027344,
      74.68508911132812,
      74.53660583496094,
      67.38706970214844,
      73.8724136352539,
      73.14192199707031,
      73.7327651977539,
      76.30915069580078,
      74.35126495361328,
      75.46435546875,
      74.96669006347656,
      71.51171112060547,
      72.88387298583984,
      76.72592163085938,
      75.1039047241211,
      74.22223663330078,
      73.7757797241211,
      74.30723571777344,
      74.48540496826172,
      73.95804595947266,
      74.3287353515625,
      73.69999694824219,
      72.33197021484375,
      74.14627075195312,
      76.24009704589844,
      76.11357116699219,
      74.71993255615234,
      74.67625427246094,
      74.54991912841797,
      70.389404296875,
      66.34255981445312,
      68.86876678466797,
      73.54742431640625,
      75.1592025756836,
      72.88899230957031,
      74.25536346435547,
      74.32463836669922,
      75.080322265625,
      71.6530532836914,
      74.04710388183594,
      77.4386215209961,
      69.47904205322266,
      74.40962982177734,
      68.96502685546875,
      75.0080337524414,
      78.9142074584961,
      73.94064331054688,
      78.73497772216797,
      76.72694396972656,
      75.98966217041016,
      75.32303619384766,
      75.02812957763672,
      74.82128143310547,
      73.43990325927734,
      75.66812896728516
    ],
    "decode_step_ms_stats": {
      "mean": 74.16670548915863,
      "std": 2.955956530556654,
      "n": 128
    },
    "nll": 272.9429016113281,
    "perplexity": 8.434803490749266
  },
  "certified": {
    "prefill_s": 6.888234619051218,
    "cache_build_s": 20.829310211120173,
    "cache_decode_budget": 65551,
    "cache_runtime": {
      "static_resident_key_cache": false,
      "static_resident_value_cache": false,
      "static_resident_key_prepare_bytes": 0,
      "static_resident_value_prepare_bytes": 0,
      "vram_fp16_key_cache_bytes": 2147483648,
      "vram_fp16_value_cache_bytes": 0
    },
    "decode_s": 118.95254545100033,
    "decode_steps": 128,
    "decode_tok_s": 1.0760593606021365,
    "decode_ms_per_token": 929.3167613359401,