{
  "machine": "perf",
  "benchmark": "performance",
  "sub_benchmark": "asymmetric_cache_64k",
  "timestamp": "2026-04-27T12:42:03.683402+00:00",
  "config": {
    "k_max": 128,
    "tau_cov": 0.995,
    "group_size": 16,
    "v_tol": 0.05,
    "use_int4_values": true,
    "use_asymmetric_keys": true,
    "fp64_accumulators": true,
    "block_size": 16,
    "score_consistency_check": false,
    "attention_backend": "native_blackwell"
  },
  "model": "NousResearch/Meta-Llama-3.1-8B",
  "hardware": "NVIDIA RTX PRO 6000 Blackwell Workstation Edition",
  "results": [
    {
      "config_name": "A0",
      "fp16_key_cache_blocks": 1536,
      "fp16_value_cache_blocks": 1536,
      "cert_ms_mean": 271.5895948486328,
      "cert_ms_std": 35.026314369417726,
      "dense_ms_mean": 63.34600944519043,
      "dense_ms_std": 2.8899341890153094,
      "ratio": 4.287398641640138,
      "key_cache_hit_rate": 0.9364672939675992,
      "value_cache_hit_rate": null,
      "h2d_bytes_per_step": 334615677.952,
      "h2d_key_bytes_per_step": 159448321.536,
      "h2d_value_bytes_per_step": 175167356.416,
      "int8_tail_fraction": 0.8742435156869812,
      "k_star_mean": 221.88251432291665,
      "rung2_trigger_rate": 1.0,
      "rung3_trigger_rate": 0.998,
      "raw": "runs/perf_single_machine/raw/asymmetric_cache_64k/A0_k1536_v1536.json"
    },
    {
      "config_name": "A1",
      "fp16_key_cache_blocks": 1536,
      "fp16_value_cache_blocks": 1024,
      "cert_ms_mean": 276.2866932678223,
      "cert_ms_std": 19.984213535337496,
      "dense_ms_mean": 63.9186019821167,
      "dense_ms_std": 2.9033551207651236,
      "ratio": 4.3224770990004195,
      "key_cache_hit_rate": 0.9363956386646816,
      "value_cache_hit_rate": null,
      "h2d_bytes_per_step": 334135864.32,
      "h2d_key_bytes_per_step": 159248260.608,
      "h2d_value_bytes_per_step": 174887603.712,
      "int8_tail_fraction": 0.874260486038005,
      "k_star_mean": 221.86073980034723,
      "rung2_trigger_rate": 1.0,
      "rung3_trigger_rate": 0.998,
      "raw": "runs/perf_single_machine/raw/asymmetric_cache_64k/A1_k1536_v1024.json"
    },
    {
      "config_name": "A2",
      "fp16_key_cache_blocks": 1536,
      "fp16_value_cache_blocks": 768,
      "cert_ms_mean": 274.5000939025879,
      "cert_ms_std": 22.748186080091582,
      "dense_ms_mean": 66.09494457244872,
      "dense_ms_std": 3.7114835965928568,
      "ratio": 4.153117847034425,
      "key_cache_hit_rate": 0.9365624119285375,
      "value_cache_hit_rate": null,
      "h2d_bytes_per_step": 333618895.872,
      "h2d_key_bytes_per_step": 159019804.16,
      "h2d_value_bytes_per_step": 174599091.712,
      "int8_tail_fraction": 0.8743419742665709,
      "k_star_mean": 221.66245746527778,
      "rung2_trigger_rate": 1.0,
      "rung3_trigger_rate": 0.998,
      "raw": "runs/perf_single_machine/raw/asymmetric_cache_64k/A2_k1536_v768.json"
    },
    {
      "config_name": "A3",
      "fp16_key_cache_blocks": 1536,
      "fp16_value_cache_blocks": 512,
      "cert_ms_mean": 277.55869653320315,
      "cert_ms_std": 22.27456405947255,
      "dense_ms_mean": 66.8605443496704,
      "dense_ms_std": 3.6135920483662063,
      "ratio": 4.151307759051641,
      "key_cache_hit_rate": 0.9365702273846941,
      "value_cache_hit_rate": null,
      "h2d_bytes_per_step": 332488707.072,
      "h2d_key_bytes_per_step": 158263180.8,
      "h2d_value_bytes_per_step": 174225526.272,
      "int8_tail_fraction": 0.8742415843597192,
      "k_star_mean": 221.89954036458334,
      "rung2_trigger_rate": 1.0,
      "rung3_trigger_rate": 0.998,
      "raw": "runs/perf_single_machine/raw/asymmetric_cache_64k/A3_k1536_v512.json"
    },
    {
      "config_name": "A4",
      "fp16_key_cache_blocks": 1536,
      "fp16_value_cache_blocks": 256,
      "cert_ms_mean": 261.5336180419922,
      "cert_ms_std": 15.74597926578063,
      "dense_ms_mean": 64.52516361236572,
      "dense_ms_std": 3.482883461966067,
      "ratio": 4.053203485281383,
      "key_cache_hit_rate": 0.9365626656738156,
      "value_cache_hit_rate": null,
      "h2d_bytes_per_step": 331762820.096,
      "h2d_key_bytes_per_step": 158022021.632,
      "h2d_value_bytes_per_step": 173740798.464,
      "int8_tail_fraction": 0.8742491085276446,
      "k_star_mean": 221.87230078125,
      "rung2_trigger_rate": 1.0,
      "rung3_trigger_rate": 0.998,
      "raw": "runs/perf_single_machine/raw/asymmetric_cache_64k/A4_k1536_v256.json"
    },
    {
      "config_name": "A5",
      "fp16_key_cache_blocks": 1536,
      "fp16_value_cache_blocks": 0,
      "cert_ms_mean": 267.66287594604495,
      "cert_ms_std": 15.80419839946956,
      "dense_ms_mean": 63.62988147735596,
      "dense_ms_std": 2.951266375241026,
      "ratio": 4.206559398374779,
      "key_cache_hit_rate": 0.936924412412291,
      "value_cache_hit_rate": null,
      "h2d_bytes_per_step": 333684549.632,
      "h2d_key_bytes_per_step": 159179748.352,
      "h2d_value_bytes_per_step": 174504801.28,
      "int8_tail_fraction": 0.8743144421441846,
      "k_star_mean": 221.725419921875,
      "rung2_trigger_rate": 1.0,
      "rung3_trigger_rate": 0.998,
      "raw": "runs/perf_single_machine/raw/asymmetric_cache_64k/A5_k1536_v0.json"
    },
    {
      "config_name": "B1",
      "fp16_key_cache_blocks": 1536,
      "fp16_value_cache_blocks": 2048,
      "cert_ms_mean": 271.71650411987304,
      "cert_ms_std": 13.232699545652885,
      "dense_ms_mean": 65.49986423492432,
      "dense_ms_std": 3.1872014448454618,
      "ratio": 4.148352172843049,
      "key_cache_hit_rate": 0.9367349512323115,
      "value_cache_hit_rate": null,
      "h2d_bytes_per_step": 334823345.152,
      "h2d_key_bytes_per_step": 159454580.224,
      "h2d_value_bytes_per_step": 175368764.928,
      "int8_tail_fraction": 0.8742541221563711,
      "k_star_mean": 221.88584874131945,
      "rung2_trigger_rate": 1.0,
      "rung3_trigger_rate": 0.998,
      "raw": "runs/perf_single_machine/raw/asymmetric_cache_64k/B1_k1536_v2048.json"
    },
    {
      "config_name": "C1",
      "fp16_key_cache_blocks": 2048,
      "fp16_value_cache_blocks": 512,
      "cert_ms_mean": 256.81185311889647,
      "cert_ms_std": 7.6937724545098884,
      "dense_ms_mean": 63.826556442260745,
      "dense_ms_std": 2.895040476278076,
      "ratio": 4.023589355807022,
      "key_cache_hit_rate": 0.9957110727164039,
      "value_cache_hit_rate": null,
      "h2d_bytes_per_step": 262377686.016,
      "h2d_key_bytes_per_step": 88961069.568,
      "h2d_value_bytes_per_step": 173416616.448,
      "int8_tail_fraction": 0.8742241400233646,
      "k_star_mean": 221.93418185763886,
      "rung2_trigger_rate": 1.0,
      "rung3_trigger_rate": 0.998,
      "raw": "runs/perf_single_machine/raw/asymmetric_cache_64k/C1_k2048_v512.json"
    },
    {
      "config_name": "C2",
      "fp16_key_cache_blocks": 2048,
      "fp16_value_cache_blocks": 256,
      "cert_ms_mean": 250.92558587646485,
      "cert_ms_std": 7.325864854092569,
      "dense_ms_mean": 63.478363304138185,
      "dense_ms_std": 2.959218698712798,
      "ratio": 3.952930932926352,
      "key_cache_hit_rate": 0.9957100835665312,
      "value_cache_hit_rate": null,
      "h2d_bytes_per_step": 264945998.848,
      "h2d_key_bytes_per_step": 90219740.672,
      "h2d_value_bytes_per_step": 174726258.176,
      "int8_tail_fraction": 0.8741859613896057,
      "k_star_mean": 222.02007769097222,
      "rung2_trigger_rate": 1.0,
      "rung3_trigger_rate": 0.998,
      "raw": "runs/perf_single_machine/raw/asymmetric_cache_64k/C2_k2048_v256.json"
    },
    {
      "config_name": "C3",
      "fp16_key_cache_blocks": 2048,
      "fp16_value_cache_blocks": 0,
      "cert_ms_mean": 256.2411133117676,
      "cert_ms_std": 7.362602924433047,
      "dense_ms_mean": 63.5180241317749,
      "dense_ms_std": 2.9129603909729727,
      "ratio": 4.034148051900483,
      "key_cache_hit_rate": 0.9957089623527778,
      "value_cache_hit_rate": null,
      "h2d_bytes_per_step": 265441022.976,