{
  "benchmark": "decode_speed_compare",
  "model": "NousResearch/Meta-Llama-3.1-8B",
  "mode": "certified",
  "context_length": 131072,
  "prefix_len": 65536,
  "chunk_tokens": 131072,
  "chunk_index": 0,
  "book_idx": 14,
  "warmup_steps": 8,
  "measure_steps": 64,
  "measured_token_start": 65544,
  "measured_token_end_exclusive": 65608,
  "cache_config": {
    "v_tolerance": 0.05,
    "quantization_mode": "asymmetric_int8_keys+int4_g16_values",
    "asymmetric_keys": true,
    "use_int4_values": true,
    "group_size": 16,
    "score_consistency_check": false,
    "tau_cov": 0.995,
    "k_min": 2,
    "k_max": 128,
    "ranking_fallback": true,
    "ranking_r": 1,
    "ranking_fallback_mode": "full",
    "fp16_key_cache_blocks": 0,
    "fp16_value_cache_blocks": 0,
    "eps_guard": 0.01,
    "exploration_rate": 0.02,
    "rung1_threshold": 0.02,
    "rung1_multiplier": 2.0,
    "attention_backend": "native_blackwell",
    "static_resident_cache": "1",
    "splitk_blocks_per_split": "auto_native_32_24_16",
    "cuda_graph_decode": false,
    "runtime_profile": "0",
    "code_sha": "427bf2c9738d8976834bedc9799c1ec44ab4a2cc-dirty",
    "dotcache_config_hash": "04b1c34d33eb1516a2c6ffd91117e4236ca06e06b7b8dd94ad2ec3ea442938f7"
  },
  "dense": null,
  "certified": {
    "prefill_s": 7.236285601044074,
    "cache_build_s": 20.328480685013346,
    "cache_decode_budget": 65551,
    "cache_runtime": {
      "static_resident_key_cache": false,
      "static_resident_value_cache": false,
      "static_resident_key_prepare_bytes": 0,
      "static_resident_value_prepare_bytes": 0,
      "vram_fp16_key_cache_bytes": 0,
      "vram_fp16_value_cache_bytes": 0
    },
    "decode_s": 267.9605869509978,
    "decode_steps": 64,
    "decode_tok_s": 0.23884109498425504,
    "decode_ms_per_token": 4186.884171109341,
    "decode_step_ms": [
      4033.13330078125,
      4338.5390625,
      3616.370361328125,
      3242.650390625,
      3640.486572265625,
      3168.771240234375,
      3385.83056640625,
      4887.029296875,
      5338.6572265625,
      4693.96630859375,
      4876.5126953125,
      4334.77294921875,
      4518.857421875,
      4256.25390625,
      4120.865234375,
      3963.3505859375,
      4209.01953125,
      3467.2236328125,
      3888.810546875,
      4184.43115234375,
      3281.476318359375,
      3588.947509765625,
      4033.416259765625,
      4799.69287109375,
      4904.5830078125,
      4747.27392578125,
      4379.6259765625,
      4311.744140625,
      3556.125244140625,
      4466.3681640625,
      4718.916015625,
      5065.0087890625,
      4133.0712890625,
      3978.995361328125,
      4107.56884765625,
      3879.2998046875,
      2987.49609375,
      3876.224609375,
      3117.2861328125,
      5299.7353515625,
      5031.55029296875,
      4936.57861328125,
      4670.8017578125,
      4923.9140625,
      4418.005859375,
      4499.2958984375,
      3467.986083984375,
      4069.975341796875,
      3573.208740234375,
      4380.54052734375,
      3539.96142578125,
      3665.120849609375,
      3748.164306640625,
      3363.857177734375,
      3365.32861328125,
      5812.4326171875,
      4977.0654296875,
      5153.97998046875,
      4958.4501953125,
      4400.861328125,
      3477.76025390625,
      3811.373779296875,
      4023.663330078125,
      4294.48583984375
    ],
    "decode_step_ms_stats": {
      "mean": 4186.91796875,
      "std": 631.8458545452218,
      "n": 64
    },
    "nll": 116.5960464477539,
    "perplexity": 6.183059574541403,
    "runtime_profile": {
      "model_forward_ms_total": 267960.5869509978,
      "qkv_projection_ms_total": 0.0,
      "append_runtime_ms_total": 0.0,
      "decode_runtime_ms_total": 0.0,
      "output_projection_ms_total": 0.0,
      "other_overhead_ms_total": 267960.5869509978,
      "per_layer": []
    },
    "phase_timings_ms": {},
    "native_profile": null,
    "telemetry": {
      "n_steps": 64,
      "int8_tail_fraction": 0.9277446266692815,
      "k_star_mean": 217.48595343695746,
      "k_star_max": 256,
      "rung1_trigger_rate": 1.0,
      "rung2_trigger_rate": 1.0,
      "rung3_trigger_rate": 1.0,
      "rung4_trigger_rate": 0.0,
      "rung1_expansion_rate": 1.0,
      "boundary_check_triggers": 1078,
      "score_consistency_violations": 0,
      "ranking_consistency_fire_rate": 0.016506618923611112,
      "e_key_mean": 0.6321472668179113,
      "e_key_max": 11.35920524597168,
      "e_val_mean": 0.031067241309503717,
      "e_val_max": 0.04999999701976776,
      "value_fallback_blocks": 156455,
      "h2d_bytes_per_step": 2045065744.0,
      "h2d_total_bytes": 130884207616,
      "fp16_cache_hit_rate": 0.0,
      "fp16_cache_total_hits": 0,
      "fp16_cache_total_misses": 2816464,
      "fp16_value_cache_hit_rate": null,
      "fp16_value_cache_total_hits": 0,
      "fp16_value_cache_total_misses": 0
    }
  },
  "certified_vs_dense_decode_speed": null,
  "quality_window": null
}