{
  "benchmark": "decode_speed_compare",
  "model": "NousResearch/Meta-Llama-3.1-8B",
  "mode": "certified",
  "context_length": 131072,
  "prefix_len": 65536,
  "chunk_tokens": 131072,
  "chunk_index": 0,
  "book_idx": 14,
  "warmup_steps": 8,
  "measure_steps": 64,
  "measured_token_start": 65544,
  "measured_token_end_exclusive": 65608,
  "cache_config": {
    "v_tolerance": 0.05,
    "quantization_mode": "asymmetric_int8_keys+int4_g16_values",
    "asymmetric_keys": true,
    "use_int4_values": true,
    "group_size": 16,
    "score_consistency_check": false,
    "tau_cov": 0.995,
    "k_min": 2,
    "k_max": 128,
    "ranking_fallback": true,
    "ranking_r": 1,
    "ranking_fallback_mode": "full",
    "fp16_key_cache_blocks": 7168,
    "fp16_value_cache_blocks": 7168,
    "eps_guard": 0.01,
    "exploration_rate": 0.02,
    "rung1_threshold": 0.02,
    "rung1_multiplier": 2.0,
    "attention_backend": "native_blackwell",
    "static_resident_cache": "1",
    "splitk_blocks_per_split": "auto_native_32_24_16",
    "cuda_graph_decode": false,
    "runtime_profile": "0",
    "code_sha": "427bf2c9738d8976834bedc9799c1ec44ab4a2cc-dirty",
    "dotcache_config_hash": "d28c51da949a9dd97535fb9c814845d917fffc2b659bf72104c75dd179c55cae"
  },
  "dense": null,
  "certified": {
    "prefill_s": 7.280654127011076,
    "cache_build_s": 20.66796655289363,
    "cache_decode_budget": 65551,
    "cache_runtime": {
      "static_resident_key_cache": false,
      "static_resident_value_cache": false,
      "static_resident_key_prepare_bytes": 0,
      "static_resident_value_prepare_bytes": 0,
      "vram_fp16_key_cache_bytes": 7516192768,
      "vram_fp16_value_cache_bytes": 7516192768
    },
    "decode_s": 20.93452985107433,
    "decode_steps": 64,
    "decode_tok_s": 3.057150098678505,
    "decode_ms_per_token": 327.1020289230364,
    "decode_step_ms": [
      312.18505859375,
      305.9183044433594,
      303.8849182128906,
      317.092529296875,
      317.1211853027344,
      324.64349365234375,
      319.12103271484375,
      443.7561950683594,
      308.3209228515625,
      308.5707702636719,
      313.8207702636719,
      314.9830627441406,
      316.9716491699219,
      318.61932373046875,
      310.12005615234375,
      307.0593566894531,
      317.5625305175781,
      326.399658203125,
      316.3634338378906,
      315.07220458984375,
      316.830322265625,
      332.69110107421875,
      333.65570068359375,
      448.5874328613281,
      315.5524597167969,
      308.1837158203125,
      310.34124755859375,
      323.4115905761719,
      312.3964538574219,
      327.30181884765625,
      322.09991455078125,
      305.382080078125,
      316.038818359375,
      325.7330017089844,
      316.9071350097656,
      321.276611328125,
      309.31109619140625,
      325.6859130859375,
      323.76690673828125,
      461.3464660644531,
      329.072265625,
      313.0794677734375,
      317.5625305175781,
      330.8100280761719,
      320.74200439453125,
      323.1873779296875,
      322.2370910644531,
      319.1579284667969,
      319.1148986816406,
      315.512451171875,
      329.9754943847656,
      323.7915344238281,
      323.20574951171875,
      328.5960998535156,
      328.3094177246094,
      445.3813171386719,
      330.5765075683594,
      319.4671936035156,
      315.0629577636719,
      319.15484619140625,
      321.94525146484375,
      315.0650329589844,
      321.1383056640625,
      328.2581787109375
    ],
    "decode_step_ms_stats": {
      "mean": 327.10140895843506,
      "std": 32.48441014890396,
      "n": 64
    },
    "nll": 116.7593994140625,
    "perplexity": 6.198861312098958,
    "runtime_profile": {
      "model_forward_ms_total": 20934.52985107433,
      "qkv_projection_ms_total": 0.0,
      "append_runtime_ms_total": 0.0,
      "decode_runtime_ms_total": 0.0,
      "output_projection_ms_total": 0.0,
      "other_overhead_ms_total": 20934.52985107433,
      "per_layer": []
    },
    "phase_timings_ms": {},
    "native_profile": null,
    "telemetry": {
      "n_steps": 64,
      "int8_tail_fraction": 0.9277642530897168,
      "k_star_mean": 217.43257819281683,
      "k_star_max": 256,
      "rung1_trigger_rate": 1.0,
      "rung2_trigger_rate": 1.0,
      "rung3_trigger_rate": 1.0,
      "rung4_trigger_rate": 0.0,
      "rung1_expansion_rate": 1.0,
      "boundary_check_triggers": 1095,
      "score_consistency_violations": 0,
      "ranking_consistency_fire_rate": 0.016899956597222224,
      "e_key_mean": 0.6302455446309776,
      "e_key_max": 11.636168479919434,
      "e_val_mean": 0.031028567411946522,
      "e_val_max": 0.04999998211860657,
      "value_fallback_blocks": 156462,
      "h2d_bytes_per_step": 676445272.0,
      "h2d_total_bytes": 43292497408,
      "fp16_cache_hit_rate": 0.9625838805223896,
      "fp16_cache_total_hits": 2710693,
      "fp16_cache_total_misses": 105366,
      "fp16_value_cache_hit_rate": null,
      "fp16_value_cache_total_hits": 0,
      "fp16_value_cache_total_misses": 0
    }
  },
  "certified_vs_dense_decode_speed": null,
  "quality_window": null
}