{
  "benchmark": "decode_speed_compare",
  "model": "NousResearch/Meta-Llama-3.1-8B",
  "mode": "certified",
  "context_length": 131072,
  "prefix_len": 65536,
  "chunk_tokens": 131072,
  "chunk_index": 0,
  "book_idx": 14,
  "warmup_steps": 8,
  "measure_steps": 64,
  "measured_token_start": 65544,
  "measured_token_end_exclusive": 65608,
  "cache_config": {
    "v_tolerance": 0.05,
    "quantization_mode": "asymmetric_int8_keys+int4_g16_values",
    "asymmetric_keys": true,
    "use_int4_values": true,
    "group_size": 16,
    "score_consistency_check": false,
    "tau_cov": 0.995,
    "k_min": 2,
    "k_max": 128,
    "ranking_fallback": true,
    "ranking_r": 1,
    "ranking_fallback_mode": "full",
    "fp16_key_cache_blocks": 4096,
    "fp16_value_cache_blocks": 4096,
    "eps_guard": 0.01,
    "exploration_rate": 0.02,
    "rung1_threshold": 0.02,
    "rung1_multiplier": 2.0,
    "attention_backend": "native_blackwell",
    "static_resident_cache": "1",
    "splitk_blocks_per_split": "auto_native_32_24_16",
    "cuda_graph_decode": false,
    "runtime_profile": "0",
    "code_sha": "427bf2c9738d8976834bedc9799c1ec44ab4a2cc-dirty",
    "dotcache_config_hash": "185971ac7afe54718da4e82ff7302fec6ce4c5382f8abd6d00c92d21b96c56d6"
  },
  "dense": null,
  "certified": {
    "prefill_s": 7.235923800966702,
    "cache_build_s": 20.24500715895556,
    "cache_decode_budget": 65551,
    "cache_runtime": {
      "static_resident_key_cache": false,
      "static_resident_value_cache": false,
      "static_resident_key_prepare_bytes": 0,
      "static_resident_value_prepare_bytes": 0,
      "vram_fp16_key_cache_bytes": 4294967296,
      "vram_fp16_value_cache_bytes": 4294967296
    },
    "decode_s": 20.618754036026075,
    "decode_steps": 64,
    "decode_tok_s": 3.103970292684812,
    "decode_ms_per_token": 322.16803181290743,
    "decode_step_ms": [
      306.8839416503906,
      306.4822692871094,
      299.41888427734375,
      310.6054382324219,
      313.8894348144531,
      311.8199768066406,
      310.2388610839844,
      449.4168701171875,
      309.46575927734375,
      320.053955078125,
      309.1002197265625,
      314.1935729980469,
      309.4012756347656,
      310.3556213378906,
      313.6672058105469,
      310.6392822265625,
      314.70452880859375,
      319.79278564453125,
      317.86767578125,
      319.02069091796875,
      314.65948486328125,
      334.3294677734375,
      330.0533142089844,
      435.8672790527344,
      317.9793395996094,
      307.6399230957031,
      303.1128845214844,
      321.5755920410156,
      311.5465393066406,
      323.3096923828125,
      326.3182373046875,
      301.7581481933594,
      312.0308837890625,
      315.5862121582031,
      304.2003479003906,
      316.9081726074219,
      305.1772766113281,
      321.5499572753906,
      315.51348876953125,
      445.0249328613281,
      320.392822265625,
      307.4853515625,
      308.7243957519531,
      323.5498962402344,
      315.6445617675781,
      315.7530822753906,
      309.11553955078125,
      305.50799560546875,
      315.99169921875,
      312.9473571777344,
      321.66265869140625,
      317.4539489746094,
      321.1097106933594,
      320.45220947265625,
      322.30877685546875,
      440.34112548828125,
      319.2818603515625,
      314.24066162109375,
      305.51409912109375,
      307.0901184082031,
      307.2283020019531,
      308.3437805175781,
      317.039306640625,
      320.2894287109375
    ],
    "decode_step_ms_stats": {
      "mean": 322.16606426239014,
      "std": 31.860044196669456,
      "n": 64
    },
    "nll": 117.69638061523438,
    "perplexity": 6.29028227889411,
    "runtime_profile": {
      "model_forward_ms_total": 20618.754036026075,
      "qkv_projection_ms_total": 0.0,
      "append_runtime_ms_total": 0.0,
      "decode_runtime_ms_total": 0.0,
      "output_projection_ms_total": 0.0,
      "other_overhead_ms_total": 20618.754036026075,
      "per_layer": []
    },
    "phase_timings_ms": {},
    "native_profile": null,
    "telemetry": {
      "n_steps": 64,
      "int8_tail_fraction": 0.9277517247424283,
      "k_star_mean": 217.44869656032986,
      "k_star_max": 256,
      "rung1_trigger_rate": 1.0,
      "rung2_trigger_rate": 1.0,
      "rung3_trigger_rate": 1.0,
      "rung4_trigger_rate": 0.0,
      "rung1_expansion_rate": 1.0,
      "boundary_check_triggers": 1086,
      "score_consistency_violations": 0,
      "ranking_consistency_fire_rate": 0.016832139756944444,
      "e_key_mean": 0.6331662492945421,
      "e_key_max": 11.323835372924805,
      "e_val_mean": 0.031047718886308456,
      "e_val_max": 0.049999989569187164,
      "value_fallback_blocks": 156386,
      "h2d_bytes_per_step": 663208088.0,
      "h2d_total_bytes": 42445317632,
      "fp16_cache_hit_rate": 0.962642972086622,
      "fp16_cache_total_hits": 2711076,
      "fp16_cache_total_misses": 105208,
      "fp16_value_cache_hit_rate": null,
      "fp16_value_cache_total_hits": 0,
      "fp16_value_cache_total_misses": 0
    }
  },
  "certified_vs_dense_decode_speed": null,
  "quality_window": null
}