{
  "benchmark": "decode_speed_compare",
  "model": "NousResearch/Meta-Llama-3.1-8B",
  "mode": "certified",
  "context_length": 131072,
  "prefix_len": 65536,
  "chunk_tokens": 131072,
  "chunk_index": 0,
  "book_idx": 14,
  "warmup_steps": 8,
  "measure_steps": 64,
  "measured_token_start": 65544,
  "measured_token_end_exclusive": 65608,
  "cache_config": {
    "v_tolerance": 0.05,
    "quantization_mode": "asymmetric_int8_keys+int4_g16_values",
    "asymmetric_keys": true,
    "use_int4_values": true,
    "group_size": 16,
    "score_consistency_check": false,
    "tau_cov": 0.995,
    "k_min": 2,
    "k_max": 128,
    "ranking_fallback": true,
    "ranking_r": 1,
    "ranking_fallback_mode": "full",
    "fp16_key_cache_blocks": 256,
    "fp16_value_cache_blocks": 256,
    "eps_guard": 0.01,
    "exploration_rate": 0.02,
    "rung1_threshold": 0.02,
    "rung1_multiplier": 2.0,
    "attention_backend": "native_blackwell",
    "static_resident_cache": "1",
    "splitk_blocks_per_split": "auto_native_32_24_16",
    "cuda_graph_decode": false,
    "runtime_profile": "0",
    "code_sha": "427bf2c9738d8976834bedc9799c1ec44ab4a2cc-dirty",
    "dotcache_config_hash": "6a3d8adb6a787a89ed419da1e4dd2821e6e5b637c10440abe00ace45bf84f320"
  },
  "dense": null,
  "certified": {
    "prefill_s": 7.1984204209875315,
    "cache_build_s": 20.338595658075064,
    "cache_decode_budget": 65551,
    "cache_runtime": {
      "static_resident_key_cache": false,
      "static_resident_value_cache": false,
      "static_resident_key_prepare_bytes": 0,
      "static_resident_value_prepare_bytes": 0,
      "vram_fp16_key_cache_bytes": 268435456,
      "vram_fp16_value_cache_bytes": 268435456
    },
    "decode_s": 170.82806665310636,
    "decode_steps": 64,
    "decode_tok_s": 0.37464569642389156,
    "decode_ms_per_token": 2669.188541454787,
    "decode_step_ms": [
      2343.182861328125,
      2919.500732421875,
      2285.59130859375,
      2333.93359375,
      2797.33056640625,
      2550.13232421875,
      2190.35107421875,
      3432.750732421875,
      3032.11279296875,
      2463.7333984375,
      2817.066650390625,
      3046.7763671875,
      2920.1240234375,
      3000.18994140625,
      2243.63330078125,
      2433.42822265625,
      2460.365966796875,
      2180.6552734375,
      2948.904541015625,
      2234.44140625,
      2799.19677734375,
      2593.605224609375,
      2491.35888671875,
      2580.746826171875,
      3247.781005859375,
      2946.171142578125,
      2445.69970703125,
      2733.72021484375,
      2439.170654296875,
      3184.029296875,
      2311.634521484375,
      1839.484619140625,
      2358.78515625,
      3078.087890625,
      2343.022216796875,
      2648.941162109375,
      1933.6387939453125,
      3145.267333984375,
      2243.554931640625,
      2830.261962890625,
      1838.8414306640625,
      1937.2449951171875,
      2854.36376953125,
      3087.325927734375,
      3238.443603515625,
      2215.643798828125,
      3204.260498046875,
      2890.997314453125,
      2456.40966796875,
      2864.39501953125,
      2800.86279296875,
      2401.015380859375,
      2504.1044921875,
      2116.829833984375,
      1765.13916015625,
      3419.354736328125,
      3403.037353515625,
      2823.2568359375,
      2683.8974609375,
      2712.02490234375,
      2715.20947265625,
      2652.536865234375,
      3747.3203125,
      3668.345458984375
    ],
    "decode_step_ms_stats": {
      "mean": 2669.2066326141357,
      "std": 441.72151130153435,
      "n": 64
    },
    "nll": 116.98247528076172,
    "perplexity": 6.220505516898539,
    "runtime_profile": {
      "model_forward_ms_total": 170828.06665310636,
      "qkv_projection_ms_total": 0.0,
      "append_runtime_ms_total": 0.0,
      "decode_runtime_ms_total": 0.0,
      "output_projection_ms_total": 0.0,
      "other_overhead_ms_total": 170828.06665310636,
      "per_layer": []
    },
    "phase_timings_ms": {},
    "native_profile": null,
    "telemetry": {
      "n_steps": 64,
      "int8_tail_fraction": 0.9277396199631411,
      "k_star_mean": 217.4659949408637,
      "k_star_max": 256,
      "rung1_trigger_rate": 1.0,
      "rung2_trigger_rate": 1.0,
      "rung3_trigger_rate": 1.0,
      "rung4_trigger_rate": 0.0,
      "rung1_expansion_rate": 1.0,
      "boundary_check_triggers": 1074,
      "score_consistency_violations": 0,
      "ranking_consistency_fire_rate": 0.016465928819444444,
      "e_key_mean": 0.6319365560745306,
      "e_key_max": 11.446562767028809,
      "e_val_mean": 0.03104704113325675,
      "e_val_max": 0.04999998211860657,
      "value_fallback_blocks": 156590,
      "h2d_bytes_per_step": 2041025616.0,
      "h2d_total_bytes": 130625639424,
      "fp16_cache_hit_rate": 0.0,
      "fp16_cache_total_hits": 0,
      "fp16_cache_total_misses": 2816557,
      "fp16_value_cache_hit_rate": null,
      "fp16_value_cache_total_hits": 0,
      "fp16_value_cache_total_misses": 0
    }
  },
  "certified_vs_dense_decode_speed": null,
  "quality_window": null
}