{
  "benchmark": "decode_speed_compare",
  "model": "NousResearch/Meta-Llama-3.1-8B",
  "mode": "certified",
  "context_length": 131072,
  "prefix_len": 65536,
  "chunk_tokens": 131072,
  "chunk_index": 0,
  "book_idx": 14,
  "warmup_steps": 8,
  "measure_steps": 64,
  "measured_token_start": 65544,
  "measured_token_end_exclusive": 65608,
  "cache_config": {
    "v_tolerance": 0.05,
    "quantization_mode": "asymmetric_int8_keys+int4_g16_values",
    "asymmetric_keys": true,
    "use_int4_values": true,
    "group_size": 16,
    "score_consistency_check": false,
    "tau_cov": 0.995,
    "k_min": 2,
    "k_max": 128,
    "ranking_fallback": true,
    "ranking_r": 1,
    "ranking_fallback_mode": "full",
    "fp16_key_cache_blocks": 5120,
    "fp16_value_cache_blocks": 5120,
    "eps_guard": 0.01,
    "exploration_rate": 0.02,
    "rung1_threshold": 0.02,
    "rung1_multiplier": 2.0,
    "attention_backend": "native_blackwell",
    "static_resident_cache": "1",
    "splitk_blocks_per_split": "auto_native_32_24_16",
    "cuda_graph_decode": false,
    "runtime_profile": "0",
    "code_sha": "427bf2c9738d8976834bedc9799c1ec44ab4a2cc-dirty",
    "dotcache_config_hash": "78eb8d9856fc5f3b42c9bd5931d0e21549c73567de103032e07b71ffdfe697d0"
  },
  "dense": null,
  "certified": {
    "prefill_s": 7.2576619629981,
    "cache_build_s": 20.02403161395341,
    "cache_decode_budget": 65551,
    "cache_runtime": {
      "static_resident_key_cache": false,
      "static_resident_value_cache": false,
      "static_resident_key_prepare_bytes": 0,
      "static_resident_value_prepare_bytes": 0,
      "vram_fp16_key_cache_bytes": 5368709120,
      "vram_fp16_value_cache_bytes": 5368709120
    },
    "decode_s": 21.137217730050907,
    "decode_steps": 64,
    "decode_tok_s": 3.027834638284055,
    "decode_ms_per_token": 330.2690270320454,
    "decode_step_ms": [
      310.931640625,
      311.33050537109375,
      308.6250915527344,
      322.4429016113281,
      322.02508544921875,
      317.21337890625,
      321.2284240722656,
      449.70050048828125,
      316.3859558105469,
      314.42401123046875,
      315.49713134765625,
      317.9936218261719,
      323.1095275878906,
      322.0445556640625,
      317.52362060546875,
      318.1001281738281,
      322.99688720703125,
      324.74591064453125,
      317.2276611328125,
      317.4847412109375,
      318.0038757324219,
      334.44110107421875,
      332.69622802734375,
      450.58624267578125,
      316.7996520996094,
      315.5606384277344,
      314.352294921875,
      329.6886901855469,
      322.299560546875,
      333.5093688964844,
      327.4216003417969,
      312.5121154785156,
      323.6614685058594,
      332.8170471191406,
      320.2178039550781,
      326.10162353515625,
      315.0046081542969,
      335.5736389160156,
      323.0235290527344,
      463.6965637207031,
      330.9164733886719,
      316.7074890136719,
      319.2019958496094,
      332.8948669433594,
      323.8754577636719,
      326.1211242675781,
      322.6518249511719,
      313.5596923828125,
      319.0903625488281,
      317.71917724609375,
      332.8498229980469,
      328.3125,
      331.0506591796875,
      328.8766784667969,
      327.96124267578125,
      449.6800231933594,
      329.2842712402344,
      322.7808532714844,
      321.7424621582031,
      317.3331298828125,
      318.1267395019531,
      316.5508117675781,
      322.6784362792969,
      328.19573974609375
    ],
    "decode_step_ms_stats": {
      "mean": 330.2681369781494,
      "std": 32.46458067533847,
      "n": 64
    },
    "nll": 117.17656707763672,
    "perplexity": 6.239398980956122,
    "runtime_profile": {
      "model_forward_ms_total": 21137.217730050907,
      "qkv_projection_ms_total": 0.0,
      "append_runtime_ms_total": 0.0,
      "decode_runtime_ms_total": 0.0,
      "output_projection_ms_total": 0.0,
      "other_overhead_ms_total": 21137.217730050907,
      "per_layer": []
    },
    "phase_timings_ms": {},
    "native_profile": null,
    "telemetry": {
      "n_steps": 64,
      "int8_tail_fraction": 0.9277195865203296,
      "k_star_mean": 217.61262851291232,
      "k_star_max": 256,
      "rung1_trigger_rate": 1.0,
      "rung2_trigger_rate": 1.0,
      "rung3_trigger_rate": 1.0,
      "rung4_trigger_rate": 0.0,
      "rung1_expansion_rate": 1.0,
      "boundary_check_triggers": 1062,
      "score_consistency_violations": 0,
      "ranking_consistency_fire_rate": 0.016506618923611112,
      "e_key_mean": 0.6334893746346401,
      "e_key_max": 11.61355972290039,
      "e_val_mean": 0.031056017865340537,
      "e_val_max": 0.04999998211860657,
      "value_fallback_blocks": 156412,
      "h2d_bytes_per_step": 652837912.0,
      "h2d_total_bytes": 41781626368,
      "fp16_cache_hit_rate": 0.9625906444494758,
      "fp16_cache_total_hits": 2712463,
      "fp16_cache_total_misses": 105415,
      "fp16_value_cache_hit_rate": null,
      "fp16_value_cache_total_hits": 0,
      "fp16_value_cache_total_misses": 0
    }
  },
  "certified_vs_dense_decode_speed": null,
  "quality_window": null
}