{
  "benchmark": "decode_speed_compare",
  "model": "NousResearch/Meta-Llama-3.1-8B",
  "mode": "certified",
  "context_length": 131072,
  "prefix_len": 65536,
  "chunk_tokens": 131072,
  "chunk_index": 0,
  "book_idx": 14,
  "warmup_steps": 8,
  "measure_steps": 64,
  "measured_token_start": 65544,
  "measured_token_end_exclusive": 65608,
  "cache_config": {
    "v_tolerance": 0.05,
    "quantization_mode": "asymmetric_int8_keys+int4_g16_values",
    "asymmetric_keys": true,
    "use_int4_values": true,
    "group_size": 16,
    "score_consistency_check": false,
    "tau_cov": 0.995,
    "k_min": 2,
    "k_max": 128,
    "ranking_fallback": true,
    "ranking_r": 1,
    "ranking_fallback_mode": "full",
    "fp16_key_cache_blocks": 6144,
    "fp16_value_cache_blocks": 6144,
    "eps_guard": 0.01,
    "exploration_rate": 0.02,
    "rung1_threshold": 0.02,
    "rung1_multiplier": 2.0,
    "attention_backend": "native_blackwell",
    "static_resident_cache": "1",
    "splitk_blocks_per_split": "auto_native_32_24_16",
    "cuda_graph_decode": false,
    "runtime_profile": "0",
    "code_sha": "427bf2c9738d8976834bedc9799c1ec44ab4a2cc-dirty",
    "dotcache_config_hash": "33c8f8ca1cbd67f98f602e8e3ff3b9bd6609e176e35f00237d6b420593df8d66"
  },
  "dense": null,
  "certified": {
    "prefill_s": 7.248163596959785,
    "cache_build_s": 20.92492191400379,
    "cache_decode_budget": 65551,
    "cache_runtime": {
      "static_resident_key_cache": false,
      "static_resident_value_cache": false,
      "static_resident_key_prepare_bytes": 0,
      "static_resident_value_prepare_bytes": 0,
      "vram_fp16_key_cache_bytes": 6442450944,
      "vram_fp16_value_cache_bytes": 6442450944
    },
    "decode_s": 21.178537501953542,
    "decode_steps": 64,
    "decode_tok_s": 3.021927269250605,
    "decode_ms_per_token": 330.9146484680241,
    "decode_step_ms": [
      318.9521179199219,
      314.7263488769531,
      309.3858947753906,
      323.3092346191406,
      324.6536865234375,
      323.8007507324219,
      323.2313537597656,
      453.5497741699219,
      313.6815490722656,
      316.41259765625,
      319.8133239746094,
      317.5963134765625,
      324.74072265625,
      329.908935546875,
      317.71820068359375,
      312.2366943359375,
      319.05859375,
      332.3388366699219,
      319.92388916015625,
      321.8377380371094,
      318.69097900390625,
      333.9014587402344,
      332.4228210449219,
      448.07745361328125,
      322.13165283203125,
      314.878662109375,
      313.4060974121094,
      331.1800231933594,
      314.1563415527344,
      327.20550537109375,
      326.73553466796875,
      310.6699523925781,
      320.2116394042969,
      327.5792541503906,
      315.8391418457031,
      324.79095458984375,
      312.82037353515625,
      329.7911376953125,
      326.9331970214844,
      463.9473876953125,
      334.9407958984375,
      319.17022705078125,
      319.6896667480469,
      330.7260437011719,
      325.1083984375,
      324.703857421875,
      322.0025634765625,
      313.8792419433594,
      320.718505859375,
      322.721435546875,
      330.8837585449219,
      328.518310546875,
      332.82525634765625,
      332.57440185546875,
      331.44793701171875,
      450.2760314941406,
      329.8064880371094,
      321.52130126953125,
      321.984130859375,
      319.0944519042969,
      319.9095153808594,
      317.7161560058594,
      325.4237365722656,
      330.56121826171875
    ],
    "decode_step_ms_stats": {
      "mean": 330.9132742881775,
      "std": 32.428058147358925,
      "n": 64
    },
    "nll": 118.22354125976562,
    "perplexity": 6.342308584288429,
    "runtime_profile": {
      "model_forward_ms_total": 21178.537501953542,
      "qkv_projection_ms_total": 0.0,
      "append_runtime_ms_total": 0.0,
      "decode_runtime_ms_total": 0.0,
      "output_projection_ms_total": 0.0,
      "other_overhead_ms_total": 21178.537501953542,
      "per_layer": []
    },
    "phase_timings_ms": {},
    "native_profile": null,
    "telemetry": {
      "n_steps": 64,
      "int8_tail_fraction": 0.9277651829538447,
      "k_star_mean": 217.3903045654297,
      "k_star_max": 256,
      "rung1_trigger_rate": 1.0,
      "rung2_trigger_rate": 1.0,
      "rung3_trigger_rate": 1.0,
      "rung4_trigger_rate": 0.0,
      "rung1_expansion_rate": 1.0,
      "boundary_check_triggers": 1063,
      "score_consistency_violations": 0,
      "ranking_consistency_fire_rate": 0.016276041666666668,
      "e_key_mean": 0.6326568002302034,
      "e_key_max": 11.297640800476074,
      "e_val_mean": 0.031063444505864228,
      "e_val_max": 0.04999998211860657,
      "value_fallback_blocks": 156470,
      "h2d_bytes_per_step": 646033072.0,
      "h2d_total_bytes": 41346116608,
      "fp16_cache_hit_rate": 0.9625629737349397,
      "fp16_cache_total_hits": 2709866,
      "fp16_cache_total_misses": 105395,
      "fp16_value_cache_hit_rate": null,
      "fp16_value_cache_total_hits": 0,
      "fp16_value_cache_total_misses": 0
    }
  },
  "certified_vs_dense_decode_speed": null,
  "quality_window": null
}