{
  "benchmark": "decode_speed_compare",
  "model": "NousResearch/Meta-Llama-3.1-8B",
  "mode": "certified",
  "context_length": 131072,
  "prefix_len": 65536,
  "chunk_tokens": 131072,
  "chunk_index": 0,
  "book_idx": 14,
  "warmup_steps": 8,
  "measure_steps": 64,
  "measured_token_start": 65544,
  "measured_token_end_exclusive": 65608,
  "cache_config": {
    "v_tolerance": 0.05,
    "quantization_mode": "asymmetric_int8_keys+int4_g16_values",
    "asymmetric_keys": true,
    "use_int4_values": true,
    "group_size": 16,
    "score_consistency_check": false,
    "tau_cov": 0.995,
    "k_min": 2,
    "k_max": 128,
    "ranking_fallback": true,
    "ranking_r": 1,
    "ranking_fallback_mode": "full",
    "fp16_key_cache_blocks": 2048,
    "fp16_value_cache_blocks": 2048,
    "eps_guard": 0.01,
    "exploration_rate": 0.02,
    "rung1_threshold": 0.02,
    "rung1_multiplier": 2.0,
    "attention_backend": "native_blackwell",
    "static_resident_cache": "1",
    "splitk_blocks_per_split": "auto_native_32_24_16",
    "cuda_graph_decode": false,
    "runtime_profile": "0",
    "code_sha": "427bf2c9738d8976834bedc9799c1ec44ab4a2cc-dirty",
    "dotcache_config_hash": "d09cdf6906eaafb778904dafb6eca105fd2be9d19983974085b5687d937cced6"
  },
  "dense": null,
  "certified": {
    "prefill_s": 7.217706765979528,
    "cache_build_s": 20.235550877987407,
    "cache_decode_budget": 65551,
    "cache_runtime": {
      "static_resident_key_cache": false,
      "static_resident_value_cache": false,
      "static_resident_key_prepare_bytes": 0,
      "static_resident_value_prepare_bytes": 0,
      "vram_fp16_key_cache_bytes": 2147483648,
      "vram_fp16_value_cache_bytes": 2147483648
    },
    "decode_s": 20.397547452012077,
    "decode_steps": 64,
    "decode_tok_s": 3.137632117320401,
    "decode_ms_per_token": 318.7116789376887,
    "decode_step_ms": [
      309.74053955078125,
      306.2234191894531,
      303.53167724609375,
      316.1504211425781,
      312.78863525390625,
      316.61737060546875,
      312.95556640625,
      440.67803955078125,
      308.1222839355469,
      305.856201171875,
      305.5601806640625,
      307.3112487792969,
      313.4481201171875,
      314.4414978027344,
      311.5823669433594,
      306.4951477050781,
      313.73583984375,
      326.0299987792969,
      307.88470458984375,
      306.068115234375,
      305.4158630371094,
      330.66558837890625,
      327.95819091796875,
      439.90594482421875,
      307.0818786621094,
      304.1726989746094,
      299.5390625,
      314.99432373046875,
      299.3261413574219,
      314.7833557128906,
      317.472412109375,
      298.3604736328125,
      304.0314025878906,
      312.6309814453125,
      300.9061584472656,
      310.88916015625,
      295.57110595703125,
      319.6309814453125,
      311.6684265136719,
      457.32318115234375,
      312.53265380859375,
      299.2329406738281,
      301.9956970214844,
      317.6383056640625,
      317.9065856933594,
      313.3856201171875,
      308.8135070800781,
      301.124267578125,
      311.89166259765625,
      304.39593505859375,
      320.7962951660156,
      320.6908874511719,
      319.41387939453125,
      320.74822998046875,
      315.9200134277344,
      430.9305725097656,
      315.6435546875,
      306.84759521484375,
      302.22296142578125,
      300.9112548828125,
      304.865966796875,
      299.9589538574219,
      308.2738342285156,
      323.76800537109375
    ],
    "decode_step_ms_stats": {
      "mean": 318.7102794647217,
      "std": 32.85338388609309,
      "n": 64
    },
    "nll": 117.91273498535156,
    "perplexity": 6.311582794391936,
    "runtime_profile": {
      "model_forward_ms_total": 20397.547452012077,
      "qkv_projection_ms_total": 0.0,
      "append_runtime_ms_total": 0.0,
      "decode_runtime_ms_total": 0.0,
      "output_projection_ms_total": 0.0,
      "other_overhead_ms_total": 20397.547452012077,
      "per_layer": []
    },
    "phase_timings_ms": {},
    "native_profile": null,
    "telemetry": {
      "n_steps": 64,
      "int8_tail_fraction": 0.9277115453465549,
      "k_star_mean": 217.53927951388889,
      "k_star_max": 256,
      "rung1_trigger_rate": 1.0,
      "rung2_trigger_rate": 1.0,
      "rung3_trigger_rate": 1.0,
      "rung4_trigger_rate": 0.0,
      "rung1_expansion_rate": 1.0,
      "boundary_check_triggers": 1098,
      "score_consistency_violations": 0,
      "ranking_consistency_fire_rate": 0.016832139756944444,
      "e_key_mean": 0.632346531542377,
      "e_key_max": 11.456818580627441,
      "e_val_mean": 0.031049675302559383,
      "e_val_max": 0.04999998211860657,
      "value_fallback_blocks": 156366,
      "h2d_bytes_per_step": 755359856.0,
      "h2d_total_bytes": 48343030784,
      "fp16_cache_hit_rate": 0.8979788326303232,
      "fp16_cache_total_hits": 2528483,
      "fp16_cache_total_misses": 287266,
      "fp16_value_cache_hit_rate": null,
      "fp16_value_cache_total_hits": 0,
      "fp16_value_cache_total_misses": 0
    }
  },
  "certified_vs_dense_decode_speed": null,
  "quality_window": null
}