{
  "benchmark": "decode_speed_compare",
  "model": "NousResearch/Meta-Llama-3.1-8B",
  "mode": "certified",
  "context_length": 131072,
  "prefix_len": 65536,
  "chunk_tokens": 131072,
  "chunk_index": 0,
  "book_idx": 14,
  "warmup_steps": 8,
  "measure_steps": 64,
  "measured_token_start": 65544,
  "measured_token_end_exclusive": 65608,
  "cache_config": {
    "v_tolerance": 0.05,
    "quantization_mode": "asymmetric_int8_keys+int4_g16_values",
    "asymmetric_keys": true,
    "use_int4_values": true,
    "group_size": 16,
    "score_consistency_check": false,
    "tau_cov": 0.995,
    "k_min": 2,
    "k_max": 128,
    "ranking_fallback": true,
    "ranking_r": 1,
    "ranking_fallback_mode": "full",
    "fp16_key_cache_blocks": 9216,
    "fp16_value_cache_blocks": 9216,
    "eps_guard": 0.01,
    "exploration_rate": 0.02,
    "rung1_threshold": 0.02,
    "rung1_multiplier": 2.0,
    "attention_backend": "native_blackwell",
    "static_resident_cache": "1",
    "splitk_blocks_per_split": "auto_native_32_24_16",
    "cuda_graph_decode": false,
    "runtime_profile": "0",
    "code_sha": "427bf2c9738d8976834bedc9799c1ec44ab4a2cc-dirty",
    "dotcache_config_hash": "43f09d7bdb7d115c563f5d7a2abb053eb050eac3f8819cdc34315ee11b5556ad"
  },
  "dense": null,
  "certified": {
    "prefill_s": 7.2758268059697,
    "cache_build_s": 21.449201020994224,
    "cache_decode_budget": 65551,
    "cache_runtime": {
      "static_resident_key_cache": true,
      "static_resident_value_cache": true,
      "static_resident_key_prepare_bytes": 4294967296,
      "static_resident_value_prepare_bytes": 4294967296,
      "vram_fp16_key_cache_bytes": 9663676416,
      "vram_fp16_value_cache_bytes": 9663676416
    },
    "decode_s": 13.986985992989503,
    "decode_steps": 64,
    "decode_tok_s": 4.575681996970456,
    "decode_ms_per_token": 218.54665614046098,
    "decode_step_ms": [
      215.59423828125,
      217.5193328857422,
      209.7127685546875,
      225.3943634033203,
      219.23394775390625,
      218.98101806640625,
      215.8342742919922,
      250.8970489501953,
      212.640380859375,
      216.13226318359375,
      216.63299560546875,
      217.68569946289062,
      215.78614807128906,
      218.53762817382812,
      212.49705505371094,
      213.55177307128906,
      215.63763427734375,
      221.51852416992188,
      212.60047912597656,
      216.50802612304688,
      215.99404907226562,
      233.6979217529297,
      230.11602783203125,
      238.4349822998047,
      218.36764526367188,
      217.63955688476562,
      213.8272705078125,
      220.62966918945312,
      217.846435546875,
      222.38890075683594,
      218.66665649414062,
      206.9357147216797,
      211.195556640625,
      219.0629425048828,
      213.75350952148438,
      213.95213317871094,
      209.51417541503906,
      217.22691345214844,
      213.2752685546875,
      238.1021728515625,
      219.16021728515625,
      213.45449829101562,
      219.23289489746094,
      224.6939239501953,
      221.68234252929688,
      220.79452514648438,
      217.172607421875,
      210.82899475097656,
      216.85516357421875,
      214.33001708984375,
      223.527587890625,
      219.6609344482422,
      218.32569885253906,
      222.45545959472656,
      225.54794311523438,
      235.2186279296875,
      217.41427612304688,
      214.11497497558594,
      211.86114501953125,
      212.5041961669922,
      210.3640899658203,
      209.79574584960938,
      215.7584991455078,
      218.6379852294922
    ],
    "decode_step_ms_stats": {
      "mean": 218.5455539226532,
      "std": 7.581474064233742,
      "n": 64
    },
    "nll": 117.10607147216797,
    "perplexity": 6.232530105148364,
    "runtime_profile": {
      "model_forward_ms_total": 13986.985992989503,
      "qkv_projection_ms_total": 0.0,
      "append_runtime_ms_total": 0.0,
      "decode_runtime_ms_total": 0.0,
      "output_projection_ms_total": 0.0,
      "other_overhead_ms_total": 13986.985992989503,
      "per_layer": []
    },
    "phase_timings_ms": {},
    "native_profile": null,
    "telemetry": {
      "n_steps": 64,
      "int8_tail_fraction": 0.9277400468402675,
      "k_star_mean": 217.47470092773438,
      "k_star_max": 256,
      "rung1_trigger_rate": 1.0,
      "rung2_trigger_rate": 1.0,
      "rung3_trigger_rate": 1.0,
      "rung4_trigger_rate": 0.0,
      "rung1_expansion_rate": 1.0,
      "boundary_check_triggers": 1081,
      "score_consistency_violations": 0,
      "ranking_consistency_fire_rate": 0.016398111979166668,
      "e_key_mean": 0.6327311371826201,
      "e_key_max": 11.21163558959961,
      "e_val_mean": 0.030853210645773288,
      "e_val_max": 0.04999997839331627,
      "value_fallback_blocks": 156594,
      "h2d_bytes_per_step": 0.0,
      "h2d_total_bytes": 0,
      "fp16_cache_hit_rate": null,
      "fp16_cache_total_hits": 0,
      "fp16_cache_total_misses": 0,
      "fp16_value_cache_hit_rate": null,
      "fp16_value_cache_total_hits": 0,
      "fp16_value_cache_total_misses": 0
    }
  },
  "certified_vs_dense_decode_speed": null,
  "quality_window": null
}