{
  "benchmark": "decode_speed_compare",
  "model": "NousResearch/Meta-Llama-3.1-8B",
  "mode": "certified",
  "context_length": 131072,
  "prefix_len": 65536,
  "chunk_tokens": 131072,
  "chunk_index": 0,
  "book_idx": 14,
  "warmup_steps": 8,
  "measure_steps": 64,
  "measured_token_start": 65544,
  "measured_token_end_exclusive": 65608,
  "cache_config": {
    "v_tolerance": 0.05,
    "quantization_mode": "asymmetric_int8_keys+int4_g16_values",
    "asymmetric_keys": true,
    "use_int4_values": true,
    "group_size": 16,
    "score_consistency_check": false,
    "tau_cov": 0.995,
    "k_min": 2,
    "k_max": 128,
    "ranking_fallback": true,
    "ranking_r": 1,
    "ranking_fallback_mode": "full",
    "fp16_key_cache_blocks": 8192,
    "fp16_value_cache_blocks": 8192,
    "eps_guard": 0.01,
    "exploration_rate": 0.02,
    "rung1_threshold": 0.02,
    "rung1_multiplier": 2.0,
    "attention_backend": "native_blackwell",
    "static_resident_cache": "1",
    "splitk_blocks_per_split": "auto_native_32_24_16",
    "cuda_graph_decode": false,
    "runtime_profile": "0",
    "code_sha": "427bf2c9738d8976834bedc9799c1ec44ab4a2cc-dirty",
    "dotcache_config_hash": "be85ed8c0c512321f262457f305bc566c6de59252dbe6bf09818108118dad678"
  },
  "dense": null,
  "certified": {
    "prefill_s": 7.281387437018566,
    "cache_build_s": 20.52549986296799,
    "cache_decode_budget": 65551,
    "cache_runtime": {
      "static_resident_key_cache": false,
      "static_resident_value_cache": false,
      "static_resident_key_prepare_bytes": 0,
      "static_resident_value_prepare_bytes": 0,
      "vram_fp16_key_cache_bytes": 8589934592,
      "vram_fp16_value_cache_bytes": 8589934592
    },
    "decode_s": 21.365610991953872,
    "decode_steps": 64,
    "decode_tok_s": 2.995467811526753,
    "decode_ms_per_token": 333.83767174927925,
    "decode_step_ms": [
      315.4601745605469,
      314.5796203613281,
      309.87945556640625,
      325.0520324707031,
      323.1945495605469,
      330.6738586425781,
      325.67706298828125,
      456.87017822265625,
      322.6211242675781,
      317.5594482421875,
      318.8138732910156,
      323.3217468261719,
      320.2904968261719,
      326.5357971191406,
      314.6380310058594,
      316.20159912109375,
      325.6531982421875,
      328.10870361328125,
      323.27642822265625,
      322.0538024902344,
      318.9101257324219,
      338.4582824707031,
      341.6357727050781,
      448.7331848144531,
      324.2314758300781,
      319.15283203125,
      312.7128601074219,
      334.5936584472656,
      322.642578125,
      330.9789733886719,
      332.0521545410156,
      314.90423583984375,
      323.5355224609375,
      331.52886962890625,
      322.3026428222656,
      327.6263732910156,
      316.85595703125,
      329.4716491699219,
      333.6720886230469,
      466.4111633300781,
      332.755615234375,
      317.10479736328125,
      324.8687744140625,
      332.2047424316406,
      330.31134033203125,
      330.14849853515625,
      328.51007080078125,
      324.9107971191406,
      326.70477294921875,
      323.58538818359375,
      333.99359130859375,
      332.4504699707031,
      335.2275695800781,
      336.8147277832031,
      332.6224670410156,
      452.2215881347656,
      330.3082580566406,
      326.5328063964844,
      321.5356140136719,
      323.09930419921875,
      326.0699462890625,
      326.2880554199219,
      330.6973571777344,
      335.7129211425781
    ],
    "decode_step_ms_stats": {
      "mean": 333.8367352485657,
      "std": 32.29482888940916,
      "n": 64
    },
    "nll": 117.79342651367188,
    "perplexity": 6.299827734390644,
    "runtime_profile": {
      "model_forward_ms_total": 21365.610991953872,
      "qkv_projection_ms_total": 0.0,
      "append_runtime_ms_total": 0.0,
      "decode_runtime_ms_total": 0.0,
      "output_projection_ms_total": 0.0,
      "other_overhead_ms_total": 21365.610991953872,
      "per_layer": []
    },
    "phase_timings_ms": {},
    "native_profile": null,
    "telemetry": {
      "n_steps": 64,
      "int8_tail_fraction": 0.9277093778696732,
      "k_star_mean": 217.6509755452474,
      "k_star_max": 256,
      "rung1_trigger_rate": 1.0,
      "rung2_trigger_rate": 1.0,
      "rung3_trigger_rate": 1.0,
      "rung4_trigger_rate": 0.0,
      "rung1_expansion_rate": 1.0,
      "boundary_check_triggers": 1066,
      "score_consistency_violations": 0,
      "ranking_consistency_fire_rate": 0.016520182291666668,
      "e_key_mean": 0.634983187779249,
      "e_key_max": 11.418611526489258,
      "e_val_mean": 0.031074273930749366,
      "e_val_max": 0.04999998211860657,
      "value_fallback_blocks": 156344,
      "h2d_bytes_per_step": 657562768.0,
      "h2d_total_bytes": 42084017152,
      "fp16_cache_hit_rate": 0.9626152293388107,
      "fp16_cache_total_hits": 2716273,
      "fp16_cache_total_misses": 105491,
      "fp16_value_cache_hit_rate": null,
      "fp16_value_cache_total_hits": 0,
      "fp16_value_cache_total_misses": 0
    }
  },
  "certified_vs_dense_decode_speed": null,
  "quality_window": null
}