{
  "benchmark": "decode_speed_compare",
  "model": "NousResearch/Meta-Llama-3.1-8B",
  "mode": "certified",
  "context_length": 131072,
  "prefix_len": 65536,
  "chunk_tokens": 131072,
  "chunk_index": 0,
  "book_idx": 14,
  "warmup_steps": 8,
  "measure_steps": 64,
  "measured_token_start": 65544,
  "measured_token_end_exclusive": 65608,
  "cache_config": {
    "v_tolerance": 0.05,
    "quantization_mode": "asymmetric_int8_keys+int4_g16_values",
    "asymmetric_keys": true,
    "use_int4_values": true,
    "group_size": 16,
    "score_consistency_check": false,
    "tau_cov": 0.995,
    "k_min": 2,
    "k_max": 128,
    "ranking_fallback": true,
    "ranking_r": 1,
    "ranking_fallback_mode": "full",
    "fp16_key_cache_blocks": 1024,
    "fp16_value_cache_blocks": 1024,
    "eps_guard": 0.01,
    "exploration_rate": 0.02,
    "rung1_threshold": 0.02,
    "rung1_multiplier": 2.0,
    "attention_backend": "native_blackwell",
    "static_resident_cache": "1",
    "splitk_blocks_per_split": "auto_native_32_24_16",
    "cuda_graph_decode": false,
    "runtime_profile": "0",
    "code_sha": "427bf2c9738d8976834bedc9799c1ec44ab4a2cc-dirty",
    "dotcache_config_hash": "472493dc20e76799e23575cf8f5dceb1cf73883da5a2e167165e75ca5078e722"
  },
  "dense": null,
  "certified": {
    "prefill_s": 7.231954289949499,
    "cache_build_s": 20.466330223018304,
    "cache_decode_budget": 65551,
    "cache_runtime": {
      "static_resident_key_cache": false,
      "static_resident_value_cache": false,
      "static_resident_key_prepare_bytes": 0,
      "static_resident_value_prepare_bytes": 0,
      "vram_fp16_key_cache_bytes": 1073741824,
      "vram_fp16_value_cache_bytes": 1073741824
    },
    "decode_s": 101.66266610997263,
    "decode_steps": 64,
    "decode_tok_s": 0.629532968678675,
    "decode_ms_per_token": 1588.4791579683224,
    "decode_step_ms": [
      1575.857421875,
      1852.4647216796875,
      1754.1822509765625,
      1604.8544921875,
      1481.812744140625,
      1945.561767578125,
      1847.4410400390625,
      1616.076416015625,
      2009.8270263671875,
      1616.18701171875,
      1432.1639404296875,
      1595.373291015625,
      1265.6864013671875,
      1410.3988037109375,
      2331.115234375,
      1323.453125,
      1546.8919677734375,
      1265.6903076171875,
      1883.997802734375,
      1549.0279541015625,
      1534.9183349609375,
      1313.8275146484375,
      1188.756103515625,
      1752.4681396484375,
      1824.7000732421875,
      809.1439819335938,
      1354.3983154296875,
      1461.738037109375,
      931.5775146484375,
      1495.0887451171875,
      1333.5426025390625,
      1320.718994140625,
      1520.486083984375,
      1990.0699462890625,
      1608.9945068359375,
      1867.5513916015625,
      1016.2510375976562,
      2115.118896484375,
      1321.7684326171875,
      1751.7996826171875,
      1528.919677734375,
      1666.087646484375,
      1298.4981689453125,
      1654.3299560546875,
      1551.5203857421875,
      1209.4317626953125,
      1518.261962890625,
      1620.1776123046875,
      1648.2679443359375,
      1386.0594482421875,
      1323.474609375,
      1286.6351318359375,
      1262.7144775390625,
      1021.0147094726562,
      1237.37158203125,
      1712.7369384765625,
      2459.113525390625,
      1867.2171630859375,
      2099.584716796875,
      1799.8516845703125,
      1848.2469482421875,
      1854.2066650390625,
      1832.3626708984375,
      2556.135986328125
    ],
    "decode_step_ms_stats": {
      "mean": 1588.4875535964966,
      "std": 337.25702564951087,
      "n": 64
    },
    "nll": 117.34626007080078,
    "perplexity": 6.255964405733765,
    "runtime_profile": {
      "model_forward_ms_total": 101662.66610997263,
      "qkv_projection_ms_total": 0.0,
      "append_runtime_ms_total": 0.0,
      "decode_runtime_ms_total": 0.0,
      "output_projection_ms_total": 0.0,
      "other_overhead_ms_total": 101662.66610997263,
      "per_layer": []
    },
    "phase_timings_ms": {},
    "native_profile": null,
    "telemetry": {
      "n_steps": 64,
      "int8_tail_fraction": 0.9277163005591945,
      "k_star_mean": 217.54259067111545,
      "k_star_max": 256,
      "rung1_trigger_rate": 1.0,
      "rung2_trigger_rate": 1.0,
      "rung3_trigger_rate": 1.0,
      "rung4_trigger_rate": 0.0,
      "rung1_expansion_rate": 1.0,
      "boundary_check_triggers": 1069,
      "score_consistency_violations": 0,
      "ranking_consistency_fire_rate": 0.016438802083333332,
      "e_key_mean": 0.6330530991061905,
      "e_key_max": 11.791630744934082,
      "e_val_mean": 0.031070302992677372,
      "e_val_max": 0.04999998211860657,
      "value_fallback_blocks": 156563,
      "h2d_bytes_per_step": 1873873456.0,
      "h2d_total_bytes": 119927901184,
      "fp16_cache_hit_rate": 0.1162584344197797,
      "fp16_cache_total_hits": 327555,
      "fp16_cache_total_misses": 2489918,
      "fp16_value_cache_hit_rate": null,
      "fp16_value_cache_total_hits": 0,
      "fp16_value_cache_total_misses": 0
    }
  },
  "certified_vs_dense_decode_speed": null,
  "quality_window": null
}