{
  "benchmark": "decode_speed_compare",
  "model": "NousResearch/Meta-Llama-3.1-8B",
  "context_length": 131072,
  "prefix_len": 65536,
  "chunk_tokens": 131072,
  "chunk_index": 0,
  "book_idx": 14,
  "warmup_steps": 8,
  "measure_steps": 128,
  "measured_token_start": 65544,
  "measured_token_end_exclusive": 65672,
  "cache_config": {
    "v_tolerance": 0.05,
    "quantization_mode": "asymmetric_int8_keys+int4_g16_values",
    "asymmetric_keys": true,
    "use_int4_values": true,
    "group_size": 16,
    "score_consistency_check": false,
    "tau_cov": 0.995,
    "k_min": 2,
    "k_max": 128,
    "ranking_fallback": true,
    "ranking_r": 1,
    "ranking_fallback_mode": "full",
    "fp16_key_cache_blocks": 9216,
    "fp16_value_cache_blocks": 9216,
    "eps_guard": 0.01,
    "exploration_rate": 0.02,
    "rung1_threshold": 0.02,
    "rung1_multiplier": 2.0,
    "attention_backend": "native_blackwell",
    "static_resident_cache": "1",
    "splitk_blocks_per_split": "auto_native_32_24_16",
    "cuda_graph_decode": false,
    "runtime_profile": "0",
    "code_sha": "427bf2c9738d8976834bedc9799c1ec44ab4a2cc-dirty",
    "dotcache_config_hash": "43f09d7bdb7d115c563f5d7a2abb053eb050eac3f8819cdc34315ee11b5556ad"
  },
  "dense": {
    "prefill_s": 7.269667397020385,
    "decode_s": 9.380955294007435,
    "decode_steps": 128,
    "decode_tok_s": 13.644665813700929,
    "decode_ms_per_token": 73.28871323443309,
    "decode_step_ms": [
      94.64717102050781,
      73.20140838623047,
      69.74940490722656,
      73.33443450927734,
      76.97987365722656,
      74.26831817626953,
      74.65744018554688,
      69.81903839111328,
      69.73814392089844,
      75.25135803222656,
      73.81878662109375,
      74.08604431152344,
      74.18537902832031,
      72.62480163574219,
      70.98947143554688,
      71.29462432861328,
      71.77078247070312,
      74.37789154052734,
      72.79170989990234,
      72.03804779052734,
      69.2066879272461,
      73.97647857666016,
      73.59452819824219,
      75.01376342773438,
      75.53196716308594,
      74.82025909423828,
      73.6655044555664,
      73.24124908447266,
      74.12393951416016,
      74.43827056884766,
      72.94841766357422,
      68.10688018798828,
      74.58988952636719,
      73.30268859863281,
      70.59420776367188,
      73.3590087890625,
      69.2066879272461,
      73.88329315185547,
      74.08911895751953,
      73.4675521850586,
      73.45526123046875,
      73.09683227539062,
      73.84748840332031,
      74.22633361816406,
      75.37423706054688,
      73.48902130126953,
      73.68870544433594,
      69.38489532470703,
      72.53366088867188,
      73.95394897460938,
      75.71727752685547,
      75.76127624511719,
      71.8465576171875,
      75.84732818603516,
      75.00355529785156,
      75.72956848144531,
      72.91356658935547,
      74.87042999267578,
      75.37833404541016,
      77.74374389648438,
      73.42147064208984,
      74.04716491699219,
      75.19197082519531,
      73.20028686523438,
      72.36978912353516,
      67.6041259765625,
      72.97193908691406,
      68.80220794677734,
      72.34419250488281,
      68.7817611694336,
      68.96092987060547,
      72.68726348876953,
      77.30140686035156,
      75.37117004394531,
      74.0973129272461,
      76.53033447265625,
      66.774658203125,
      73.03648376464844,
      72.20291137695312,
      72.92790222167969,
      74.17817687988281,
      73.61811065673828,
      74.80899047851562,
      74.62159729003906,
      70.52047729492188,
      72.04930877685547,
      75.75004577636719,
      73.79625701904297,
      71.64278411865234,
      72.81014251708984,
      73.29347229003906,
      74.2201919555664,
      72.94429016113281,
      73.55868530273438,
      73.26582336425781,
      71.43901062011719,
      71.64787292480469,
      74.00211334228516,
      75.12950134277344,
      73.84333038330078,
      74.81926727294922,
      73.62934112548828,
      69.89686584472656,
      65.64419555664062,
      67.87446594238281,
      72.76201629638672,
      74.33590698242188,
      72.10972595214844,
      75.60259246826172,
      74.4734115600586,
      74.52947235107422,
      70.81024169921875,
      73.42352294921875,
      76.62659454345703,
      68.7213134765625,
      73.1777572631836,
      68.22978973388672,
      74.46185302734375,
      74.05225372314453,
      71.19222259521484,
      74.5079345703125,
      74.82637023925781,
      74.78339385986328,
      74.10140991210938,
      73.72866821289062,
      74.2201919555664,
      72.80502319335938,
      75.03119659423828
    ],
    "decode_step_ms_stats": {
      "mean": 73.28741413354874,
      "std": 2.923934037189438,
      "n": 128
    },
    "nll": 272.9429016113281,
    "perplexity": 8.434803490749266
  },
  "certified": {
    "prefill_s": 6.974720449070446,
    "cache_build_s": 21.207502229022793,
    "cache_decode_budget": 65551,
    "cache_runtime": {
      "static_resident_key_cache": true,
      "static_resident_value_cache": true,
      "static_resident_key_prepare_bytes": 4294967296,
      "static_resident_value_prepare_bytes": 4294967296,
      "vram_fp16_key_cache_bytes": 9663676416,
      "vram_fp16_value_cache_bytes": 9663676416
    },
    "decode_s": 27.77153159608133,
    "decode_steps": 128,
    "decode_tok_s": 4.609036399636716,
    "decode_ms_per_token": 216.9650905943854,