{
  "benchmark": "decode_speed_compare",
  "model": "NousResearch/Meta-Llama-3.1-8B",
  "context_length": 65536,
  "prefix_len": 32768,
  "chunk_tokens": 65536,
  "chunk_index": 0,
  "book_idx": 1,
  "warmup_steps": 8,
  "measure_steps": 128,
  "measured_token_start": 32776,
  "measured_token_end_exclusive": 32904,
  "cache_config": {
    "v_tolerance": 0.05,
    "quantization_mode": "asymmetric_int8_keys+int4_g16_values",
    "asymmetric_keys": true,
    "use_int4_values": true,
    "group_size": 16,
    "score_consistency_check": false,
    "tau_cov": 0.995,
    "k_min": 2,
    "k_max": 128,
    "ranking_fallback": true,
    "ranking_r": 1,
    "ranking_fallback_mode": "full",
    "fp16_key_cache_blocks": 5120,
    "fp16_value_cache_blocks": 5120,
    "eps_guard": 0.01,
    "exploration_rate": 0.02,
    "rung1_threshold": 0.02,
    "rung1_multiplier": 2.0,
    "attention_backend": "native_blackwell",
    "static_resident_cache": "1",
    "splitk_blocks_per_split": "auto_native_32_24_16",
    "cuda_graph_decode": false,
    "runtime_profile": "0",
    "code_sha": "427bf2c9738d8976834bedc9799c1ec44ab4a2cc-dirty",
    "dotcache_config_hash": "78eb8d9856fc5f3b42c9bd5931d0e21549c73567de103032e07b71ffdfe697d0"
  },
  "dense": {
    "prefill_s": 3.0314864170504734,
    "decode_s": 8.110406846972182,
    "decode_steps": 128,
    "decode_tok_s": 15.782192239565097,
    "decode_ms_per_token": 63.362553491970175,
    "decode_step_ms": [
      87.240478515625,
      64.26099395751953,
      64.7774429321289,
      62.88150405883789,
      64.70880126953125,
      63.88438415527344,
      62.37353515625,
      61.57334518432617,
      56.72252655029297,
      58.49055862426758,
      63.15484619140625,
      62.741729736328125,
      62.70268630981445,
      65.98880004882812,
      62.40940856933594,
      62.04012680053711,
      56.36044692993164,
      57.96931076049805,
      62.419166564941406,
      62.579742431640625,
      62.219425201416016,
      64.18390655517578,
      61.676734924316406,
      59.953182220458984,
      62.98543930053711,
      63.02425765991211,
      64.41859436035156,
      63.897281646728516,
      64.97344207763672,
      63.79283142089844,
      64.86799621582031,
      61.82447814941406,
      63.936607360839844,
      63.25273513793945,
      56.83244705200195,
      66.47814178466797,
      60.075233459472656,
      59.81148910522461,
      63.449153900146484,
      64.48563385009766,
      64.02521514892578,
      64.03196716308594,
      67.4940185546875,
      60.378177642822266,
      63.18947219848633,
      64.43132781982422,
      62.306976318359375,
      63.33302307128906,
      64.53766632080078,
      68.14947509765625,
      64.2161636352539,
      62.71721649169922,
      64.65974426269531,
      65.9933090209961,
      59.59436798095703,
      63.63817596435547,
      65.07606506347656,
      63.932865142822266,
      64.20457458496094,
      64.54131317138672,
      63.62739181518555,
      65.18080139160156,
      62.44169616699219,
      64.8536605834961,
      66.30770874023438,
      61.65923309326172,
      58.09123229980469,
      63.78044891357422,
      62.49497604370117,
      61.90816116333008,
      63.39344024658203,
      66.64979553222656,
      62.47798538208008,
      64.24479675292969,
      64.7795181274414,
      69.18268585205078,
      65.0599365234375,
      69.95276641845703,
      67.70889282226562,
      63.822078704833984,
      63.88947296142578,
      64.02934265136719,
      65.6052474975586,
      65.01548767089844,
      64.60457611083984,
      64.76806640625,
      65.31446075439453,
      64.00691223144531,
      64.24940490722656,
      56.80662536621094,
      62.286048889160156,
      57.91446304321289,
      62.58710479736328,
      62.92790222167969,
      66.12528228759766,
      61.87948989868164,
      60.640926361083984,
      58.288352966308594,
      55.25414276123047,
      64.95507049560547,
      64.3834228515625,
      62.66739273071289,
      63.75388717651367,
      55.139007568359375,
      59.59193420410156,
      60.7193603515625,
      64.54438018798828,
      65.46089935302734,
      64.75897979736328,
      66.46086120605469,
      63.82489776611328,
      60.4832649230957,
      59.8771858215332,
      55.501983642578125,
      61.69260787963867,
      64.24281311035156,
      64.23558044433594,
      64.6632308959961,
      64.68262481689453,
      66.31139373779297,
      66.03948974609375,
      65.17804718017578,
      64.84198760986328,
      64.88377380371094,
      62.7606086730957,
      63.598655700683594,
      65.50141143798828,
      63.78518295288086
    ],
    "decode_step_ms_stats": {
      "mean": 63.36109697818756,
      "std": 3.4407337178639055,
      "n": 128
    },
    "nll": 400.2558288574219,
    "perplexity": 22.80542994181345
  },
  "certified": {
    "prefill_s": 2.6632960869465023,
    "cache_build_s": 11.39489037799649,
    "cache_decode_budget": 32783,
    "cache_runtime": {
      "static_resident_key_cache": true,
      "static_resident_value_cache": true,
      "static_resident_key_prepare_bytes": 2147483648,
      "static_resident_value_prepare_bytes": 2147483648,
      "vram_fp16_key_cache_bytes": 5368709120,
      "vram_fp16_value_cache_bytes": 5368709120
    },
    "decode_s": 19.6306849939283,
    "decode_steps": 128,
    "decode_tok_s": 6.520404155004777,
    "decode_ms_per_token": 153.36472651506483,