{
  "benchmark": "decode_speed_compare",
  "model": "NousResearch/Meta-Llama-3.1-8B",
  "context_length": 8192,
  "prefix_len": 4096,
  "chunk_tokens": 8192,
  "chunk_index": 0,
  "book_idx": 0,
  "warmup_steps": 8,
  "measure_steps": 128,
  "measured_token_start": 4104,
  "measured_token_end_exclusive": 4232,
  "cache_config": {
    "v_tolerance": 0.05,
    "quantization_mode": "asymmetric_int8_keys+int4_g16_values",
    "asymmetric_keys": true,
    "use_int4_values": true,
    "group_size": 16,
    "score_consistency_check": false,
    "tau_cov": 0.995,
    "k_min": 2,
    "k_max": 128,
    "ranking_fallback": true,
    "ranking_r": 1,
    "ranking_fallback_mode": "full",
    "fp16_key_cache_blocks": 1536,
    "fp16_value_cache_blocks": 1536,
    "eps_guard": 0.01,
    "exploration_rate": 0.02,
    "rung1_threshold": 0.02,
    "rung1_multiplier": 2.0,
    "attention_backend": "native_blackwell",
    "static_resident_cache": "1",
    "splitk_blocks_per_split": "auto_native_32_24_16",
    "cuda_graph_decode": false,
    "runtime_profile": "0",
    "code_sha": "427bf2c9738d8976834bedc9799c1ec44ab4a2cc-dirty",
    "dotcache_config_hash": "adcd4191cb1622fb84c496c0146491e81fe911e27f774d5370f42cf6b2f106ab"
  },
  "dense": {
    "prefill_s": 0.6054637579945847,
    "decode_s": 7.774575425079092,
    "decode_steps": 128,
    "decode_tok_s": 16.463921565041325,
    "decode_ms_per_token": 60.73887050843041,
    "decode_step_ms": [
      84.8875503540039,
      64.23776245117188,
      61.26300811767578,
      62.59001541137695,
      62.33059310913086,
      61.90911865234375,
      63.591487884521484,
      65.61654663085938,
      58.41721725463867,
      62.1912956237793,
      59.88723373413086,
      61.95539093017578,
      63.27046585083008,
      62.00899124145508,
      59.56265640258789,
      54.72777557373047,
      61.63264083862305,
      60.85087966918945,
      59.24982452392578,
      55.440032958984375,
      62.080257415771484,
      60.78793716430664,
      61.098655700683594,
      61.66284942626953,
      61.190528869628906,
      61.63008117675781,
      63.818878173828125,
      64.39631652832031,
      60.127742767333984,
      56.425537109375,
      56.08051300048828,
      61.65363311767578,
      65.67711639404297,
      64.44242858886719,
      62.34486389160156,
      62.68588638305664,
      62.927486419677734,
      61.8021125793457,
      62.15599822998047,
      57.1952018737793,
      62.12627029418945,
      62.48863983154297,
      62.85174560546875,
      61.13510513305664,
      56.225921630859375,
      55.57212829589844,
      59.26569747924805,
      59.0557746887207,
      62.748287200927734,
      59.03120040893555,
      53.67264175415039,
      59.10432052612305,
      62.63875198364258,
      56.176734924316406,
      58.36502456665039,
      63.07743835449219,
      62.284446716308594,
      62.489280700683594,
      64.12876892089844,
      57.017887115478516,
      54.67612838745117,
      59.69126510620117,
      62.83542251586914,
      59.4422721862793,
      59.370079040527344,
      61.57321548461914,
      61.034175872802734,
      62.22342300415039,
      61.215423583984375,
      62.26553726196289,
      62.60192108154297,
      60.74127960205078,
      53.89273452758789,
      58.7815055847168,
      62.44198226928711,
      63.02217483520508,
      61.33212661743164,
      59.9944953918457,
      62.07788848876953,
      62.19276809692383,
      61.8012809753418,
      57.277408599853516,
      58.839263916015625,
      62.00182342529297,
      64.71033477783203,
      61.237918853759766,
      63.00320053100586,
      62.67967987060547,
      62.35123062133789,
      62.95004653930664,
      62.642494201660156,
      62.692928314208984,
      62.37558364868164,
      58.66767883300781,
      60.39209747314453,
      63.09913635253906,
      63.04774475097656,
      61.47353744506836,
      59.30963134765625,
      63.02492904663086,
      61.3089599609375,
      61.34540939331055,
      62.5865592956543,
      54.66940689086914,
      53.99359893798828,
      58.98777770996094,
      58.115745544433594,
      54.178016662597656,
      60.87500762939453,
      62.6577262878418,
      64.9012451171875,
      63.25312042236328,
      58.579166412353516,
      55.40099334716797,
      59.753150939941406,
      61.99417495727539,
      60.401729583740234,
      61.436607360839844,
      61.91743850708008,
      55.38825607299805,
      53.21440124511719,
      53.70127868652344,
      55.994049072265625,
      63.20457458496094,
      58.28086471557617,
      60.25689697265625,
      59.52928161621094,
      58.27040100097656
    ],
    "decode_step_ms_stats": {
      "mean": 60.73781394958496,
      "std": 3.564183488970579,
      "n": 128
    },
    "nll": 242.77760314941406,
    "perplexity": 6.663867519265945
  },
  "certified": {
    "prefill_s": 0.24105182697530836,
    "cache_build_s": 2.4008786809863523,
    "cache_decode_budget": 4111,
    "cache_runtime": {
      "static_resident_key_cache": true,
      "static_resident_value_cache": true,
      "static_resident_key_prepare_bytes": 268435456,
      "static_resident_value_prepare_bytes": 268435456,
      "vram_fp16_key_cache_bytes": 1610612736,
      "vram_fp16_value_cache_bytes": 1610612736
    },
    "decode_s": 20.30880976805929,
    "decode_steps": 128,
    "decode_tok_s": 6.302683488685397,
    "decode_ms_per_token": 158.6625763129632,