{
  "benchmark": "decode_speed_compare",
  "model": "NousResearch/Meta-Llama-3.1-8B",
  "context_length": 32768,
  "prefix_len": 16384,
  "chunk_tokens": 32768,
  "chunk_index": 0,
  "book_idx": 0,
  "warmup_steps": 8,
  "measure_steps": 128,
  "measured_token_start": 16392,
  "measured_token_end_exclusive": 16520,
  "cache_config": {
    "v_tolerance": 0.05,
    "quantization_mode": "asymmetric_int8_keys+int4_g16_values",
    "asymmetric_keys": true,
    "use_int4_values": true,
    "group_size": 16,
    "score_consistency_check": false,
    "tau_cov": 0.995,
    "k_min": 2,
    "k_max": 128,
    "ranking_fallback": true,
    "ranking_r": 1,
    "ranking_fallback_mode": "full",
    "fp16_key_cache_blocks": 3072,
    "fp16_value_cache_blocks": 3072,
    "eps_guard": 0.01,
    "exploration_rate": 0.02,
    "rung1_threshold": 0.02,
    "rung1_multiplier": 2.0,
    "attention_backend": "native_blackwell",
    "static_resident_cache": "1",
    "splitk_blocks_per_split": "auto_native_32_24_16",
    "cuda_graph_decode": false,
    "runtime_profile": "0",
    "code_sha": "427bf2c9738d8976834bedc9799c1ec44ab4a2cc-dirty",
    "dotcache_config_hash": "2f293de15974488791a3e4c7e8cf2fe1179bf40fcd8c2b3226bfca7060bff261"
  },
  "dense": {
    "prefill_s": 1.4961577509529889,
    "decode_s": 7.9374772909795865,
    "decode_steps": 128,
    "decode_tok_s": 16.126030388201986,
    "decode_ms_per_token": 62.01154133577802,
    "decode_step_ms": [
      86.47539520263672,
      64.6365737915039,
      65.65340423583984,
      61.75347137451172,
      63.26544189453125,
      60.698238372802734,
      62.63228988647461,
      62.09958267211914,
      64.02259063720703,
      63.89209747314453,
      64.2679672241211,
      62.699134826660156,
      61.2988166809082,
      61.394142150878906,
      57.03788757324219,
      61.99923324584961,
      57.040096282958984,
      58.15708923339844,
      63.95404815673828,
      64.83987426757812,
      62.589630126953125,
      62.83388900756836,
      62.891231536865234,
      60.5563850402832,
      62.567264556884766,
      63.33951950073242,
      63.822303771972656,
      64.97449493408203,
      65.21561431884766,
      64.61459350585938,
      63.64070510864258,
      67.2237777709961,
      66.81257629394531,
      66.0199966430664,
      62.77334213256836,
      58.023040771484375,
      62.71897506713867,
      55.962303161621094,
      58.57593536376953,
      62.52870559692383,
      54.03180694580078,
      63.86345672607422,
      62.292030334472656,
      62.266014099121094,
      61.665985107421875,
      62.00239944458008,
      66.13488006591797,
      65.45164489746094,
      64.03241729736328,
      58.213470458984375,
      60.415679931640625,
      62.3884162902832,
      62.674591064453125,
      60.07564926147461,
      58.241153717041016,
      62.708961486816406,
      64.65046691894531,
      56.88127899169922,
      62.869598388671875,
      61.18937683105469,
      62.38345718383789,
      59.76838302612305,
      63.27171325683594,
      62.13334274291992,
      62.158016204833984,
      61.47593688964844,
      55.063232421875,
      61.79391860961914,
      63.56342315673828,
      59.743873596191406,
      65.38925170898438,
      64.53343963623047,
      63.86547088623047,
      60.6429443359375,
      65.39228820800781,
      63.22959899902344,
      65.86434936523438,
      65.4516830444336,
      62.56911849975586,
      63.60335922241211,
      59.79507064819336,
      62.04467010498047,
      62.5742073059082,
      54.96083068847656,
      55.40367889404297,
      58.89459228515625,
      61.18918228149414,
      59.58425521850586,
      62.34579086303711,
      62.68684768676758,
      62.91769790649414,
      64.2531509399414,
      62.3616943359375,
      61.503135681152344,
      62.051456451416016,
      56.708831787109375,
      62.158782958984375,
      62.104190826416016,
      62.824703216552734,
      58.322017669677734,
      53.84569549560547,
      57.15167999267578,
      59.4529914855957,
      62.01923370361328,
      62.56953430175781,
      64.46819305419922,
      63.86598587036133,
      61.43654251098633,
      61.67884826660156,
      56.25596618652344,
      60.61779022216797,
      56.5807991027832,
      60.08591842651367,
      60.39059066772461,
      62.60438537597656,
      58.30720138549805,
      60.93379211425781,
      60.07670211791992,
      62.42272186279297,
      61.24710464477539,
      65.60380554199219,
      63.080448150634766,
      63.35433578491211,
      62.61123275756836,
      62.309471130371094,
      62.55535888671875,
      64.03648376464844,
      63.6064338684082
    ],
    "decode_step_ms_stats": {
      "mean": 62.010170102119446,
      "std": 3.498532332857418,
      "n": 128
    },
    "nll": 227.44873046875,
    "perplexity": 5.911757749774186
  },
  "certified": {
    "prefill_s": 1.1415267819538713,
    "cache_build_s": 6.98203109507449,
    "cache_decode_budget": 16399,
    "cache_runtime": {
      "static_resident_key_cache": true,
      "static_resident_value_cache": true,
      "static_resident_key_prepare_bytes": 1073741824,
      "static_resident_value_prepare_bytes": 1073741824,
      "vram_fp16_key_cache_bytes": 3221225472,
      "vram_fp16_value_cache_bytes": 3221225472
    },
    "decode_s": 19.930272383033298,
    "decode_steps": 128,
    "decode_tok_s": 6.4223909006365005,
    "decode_ms_per_token": 155.70525299244764,