{
  "benchmark": "decode_speed_compare",
  "model": "NousResearch/Meta-Llama-3.1-8B",
  "context_length": 32768,
  "prefix_len": 16384,
  "chunk_tokens": 32768,
  "chunk_index": 0,
  "book_idx": 0,
  "warmup_steps": 8,
  "measure_steps": 128,
  "measured_token_start": 16392,
  "measured_token_end_exclusive": 16520,
  "cache_config": {
    "v_tolerance": 0.05,
    "quantization_mode": "asymmetric_int8_keys+int4_g16_values",
    "asymmetric_keys": true,
    "use_int4_values": true,
    "group_size": 16,
    "score_consistency_check": false,
    "tau_cov": 0.995,
    "k_min": 2,
    "k_max": 128,
    "ranking_fallback": true,
    "ranking_r": 1,
    "ranking_fallback_mode": "full",
    "fp16_key_cache_blocks": 3072,
    "fp16_value_cache_blocks": 3072,
    "eps_guard": 0.01,
    "exploration_rate": 0.02,
    "rung1_threshold": 0.02,
    "rung1_multiplier": 2.0,
    "attention_backend": "native_blackwell",
    "static_resident_cache": "1",
    "splitk_blocks_per_split": "auto_native_32_24_16",
    "cuda_graph_decode": false,
    "runtime_profile": "0",
    "code_sha": "427bf2c9738d8976834bedc9799c1ec44ab4a2cc-dirty",
    "dotcache_config_hash": "2f293de15974488791a3e4c7e8cf2fe1179bf40fcd8c2b3226bfca7060bff261"
  },
  "dense": {
    "prefill_s": 1.5170168210752308,
    "decode_s": 7.957606700016186,
    "decode_steps": 128,
    "decode_tok_s": 16.08523829152547,
    "decode_ms_per_token": 62.16880234387645,
    "decode_step_ms": [
      89.37551879882812,
      67.15580749511719,
      63.869632720947266,
      62.23222351074219,
      63.50300979614258,
      61.67718505859375,
      62.55686569213867,
      62.7784309387207,
      64.61772918701172,
      63.871646881103516,
      63.1486701965332,
      63.35145568847656,
      61.745792388916016,
      61.23427200317383,
      58.69692611694336,
      62.51279830932617,
      57.34675216674805,
      58.16432189941406,
      63.13740921020508,
      67.15007781982422,
      63.334049224853516,
      62.928863525390625,
      62.10246276855469,
      60.930721282958984,
      62.7564811706543,
      64.21113586425781,
      64.47014617919922,
      63.763519287109375,
      64.82764434814453,
      64.56588745117188,
      64.10511779785156,
      63.87673568725586,
      63.385215759277344,
      64.88646697998047,
      63.24335861206055,
      58.84483337402344,
      62.727840423583984,
      57.497825622558594,
      61.231040954589844,
      63.19993591308594,
      54.47590255737305,
      63.62947082519531,
      63.961761474609375,
      62.8507194519043,
      62.25270462036133,
      62.474910736083984,
      64.2109146118164,
      64.87824249267578,
      65.81005096435547,
      58.779327392578125,
      61.024192810058594,
      61.65603256225586,
      63.25417709350586,
      60.57539367675781,
      61.21027374267578,
      63.61974334716797,
      64.26483154296875,
      57.30665588378906,
      63.53728103637695,
      62.18406295776367,
      63.09619140625,
      60.18684768676758,
      62.8271369934082,
      61.25151824951172,
      62.64387130737305,
      62.58342361450195,
      55.58073425292969,
      62.102752685546875,
      63.754913330078125,
      58.45977783203125,
      62.32089614868164,
      62.666847229003906,
      61.14720153808594,
      58.27446365356445,
      62.12940979003906,
      60.665504455566406,
      62.97462463378906,
      65.77935791015625,
      60.341888427734375,
      61.088958740234375,
      60.07455825805664,
      62.626014709472656,
      64.56902313232422,
      55.41900634765625,
      55.685760498046875,
      57.4901123046875,
      60.404415130615234,
      60.047550201416016,
      62.80255889892578,
      63.369407653808594,
      64.1312026977539,
      63.46409606933594,
      63.04470443725586,
      61.725345611572266,
      62.50931167602539,
      57.457313537597656,
      63.89110565185547,
      64.318115234375,
      62.16361618041992,
      58.2949104309082,
      54.38838577270508,
      57.48796844482422,
      59.89948654174805,
      63.07215881347656,
      63.22854232788086,
      63.2710075378418,
      63.9285774230957,
      62.05299377441406,
      62.399105072021484,
      56.58486557006836,
      61.48166275024414,
      56.674400329589844,
      59.865760803222656,
      60.91535949707031,
      63.127777099609375,
      58.70598220825195,
      61.43059158325195,
      61.702239990234375,
      62.91769790649414,
      61.271263122558594,
      65.97904205322266,
      63.4917106628418,
      63.690433502197266,
      62.96364974975586,
      64.99600219726562,
      63.91670227050781,
      63.57468795776367,
      64.08771514892578
    ],
    "decode_step_ms_stats": {
      "mean": 62.16752091050148,
      "std": 3.510492308903464,
      "n": 128
    },
    "nll": 227.44873046875,
    "perplexity": 5.911757749774186
  },
  "certified": {
    "prefill_s": 1.1412842819700018,
    "cache_build_s": 7.131905373069458,
    "cache_decode_budget": 16399,
    "cache_runtime": {
      "static_resident_key_cache": true,
      "static_resident_value_cache": true,
      "static_resident_key_prepare_bytes": 1073741824,
      "static_resident_value_prepare_bytes": 1073741824,
      "vram_fp16_key_cache_bytes": 3221225472,
      "vram_fp16_value_cache_bytes": 3221225472
    },
    "decode_s": 16.702597630908713,
    "decode_steps": 128,
    "decode_tok_s": 7.663478629403833,
    "decode_ms_per_token": 130.48904399147432,