{
  "benchmark": "decode_speed_compare",
  "model": "NousResearch/Meta-Llama-3.1-8B",
  "context_length": 65536,
  "prefix_len": 32768,
  "chunk_tokens": 65536,
  "chunk_index": 0,
  "book_idx": 1,
  "warmup_steps": 8,
  "measure_steps": 128,
  "measured_token_start": 32776,
  "measured_token_end_exclusive": 32904,
  "cache_config": {
    "v_tolerance": 0.05,
    "quantization_mode": "asymmetric_int8_keys+int4_g16_values",
    "asymmetric_keys": true,
    "use_int4_values": true,
    "group_size": 16,
    "score_consistency_check": false,
    "tau_cov": 0.995,
    "k_min": 2,
    "k_max": 128,
    "ranking_fallback": true,
    "ranking_r": 1,
    "ranking_fallback_mode": "full",
    "fp16_key_cache_blocks": 5120,
    "fp16_value_cache_blocks": 5120,
    "eps_guard": 0.01,
    "exploration_rate": 0.02,
    "rung1_threshold": 0.02,
    "rung1_multiplier": 2.0,
    "attention_backend": "native_blackwell",
    "static_resident_cache": "1",
    "splitk_blocks_per_split": "auto_native_32_24_16",
    "cuda_graph_decode": false,
    "runtime_profile": "0",
    "code_sha": "427bf2c9738d8976834bedc9799c1ec44ab4a2cc-dirty",
    "dotcache_config_hash": "78eb8d9856fc5f3b42c9bd5931d0e21549c73567de103032e07b71ffdfe697d0"
  },
  "dense": {
    "prefill_s": 3.004871890996583,
    "decode_s": 8.102613531053066,
    "decode_steps": 128,
    "decode_tok_s": 15.797371984908716,
    "decode_ms_per_token": 63.30166821135208,
    "decode_step_ms": [
      86.77526092529297,
      64.10975646972656,
      64.16297912597656,
      62.02783966064453,
      62.283870697021484,
      63.16505432128906,
      61.90047836303711,
      60.7437744140625,
      56.13532638549805,
      58.092769622802734,
      63.104671478271484,
      65.1480941772461,
      64.98169708251953,
      64.04307556152344,
      62.361663818359375,
      62.24860763549805,
      56.43280029296875,
      58.016414642333984,
      61.922943115234375,
      64.17475128173828,
      62.21027374267578,
      63.982208251953125,
      61.29484939575195,
      58.053409576416016,
      61.81129455566406,
      62.695552825927734,
      63.98787307739258,
      63.7815055847168,
      64.2458267211914,
      63.80857467651367,
      64.44611358642578,
      61.476097106933594,
      63.61715316772461,
      61.97574234008789,
      56.729248046875,
      66.53667449951172,
      60.336830139160156,
      59.891937255859375,
      63.08006286621094,
      63.18403244018555,
      64.38249969482422,
      63.722145080566406,
      67.2008285522461,
      60.56159973144531,
      62.7973747253418,
      63.392574310302734,
      60.52912139892578,
      63.18819046020508,
      64.62579345703125,
      68.20361328125,
      64.22694396972656,
      62.2215690612793,
      64.71910095214844,
      65.88483428955078,
      59.57846450805664,
      63.59718322753906,
      65.1135025024414,
      64.13568115234375,
      74.40447998046875,
      65.63436889648438,
      66.9544677734375,
      65.46134185791016,
      62.150753021240234,
      63.90809631347656,
      66.07469177246094,
      61.46736145019531,
      57.67027282714844,
      63.594112396240234,
      62.26044845581055,
      61.96086502075195,
      60.03865432739258,
      66.20384216308594,
      62.647361755371094,
      64.24176025390625,
      65.0212173461914,
      68.24451446533203,
      64.88333129882812,
      70.13238525390625,
      67.90147399902344,
      64.05846405029297,
      64.24700927734375,
      64.26627349853516,
      64.76665496826172,
      65.01708984375,
      64.90179443359375,
      64.75875091552734,
      64.9945297241211,
      64.05510711669922,
      64.36713409423828,
      56.98070526123047,
      59.76947021484375,
      57.255615234375,
      62.456478118896484,
      62.78521728515625,
      66.12905883789062,
      61.97052764892578,
      60.742401123046875,
      58.03334426879883,
      55.27577590942383,
      64.83158111572266,
      64.51980590820312,
      64.11289978027344,
      63.71859359741211,
      55.03443145751953,
      59.231422424316406,
      60.55331039428711,
      64.08771514892578,
      64.78345489501953,
      64.23872375488281,
      66.01900482177734,
      64.00924682617188,
      60.491424560546875,
      58.871456146240234,
      55.64118576049805,
      61.51747131347656,
      64.17884826660156,
      63.97407913208008,
      64.71379089355469,
      64.93046569824219,
      64.82041931152344,
      64.89814758300781,
      65.40150451660156,
      64.90998077392578,
      64.77792358398438,
      66.16451263427734,
      69.325439453125,
      64.2663345336914,
      63.73049545288086
    ],
    "decode_step_ms_stats": {
      "mean": 63.30077329277992,
      "std": 3.670427664572262,
      "n": 128
    },
    "nll": 400.2558288574219,
    "perplexity": 22.80542994181345
  },
  "certified": {
    "prefill_s": 2.6650640959851444,
    "cache_build_s": 11.292531056096777,
    "cache_decode_budget": 32783,
    "cache_runtime": {
      "static_resident_key_cache": true,
      "static_resident_value_cache": true,
      "static_resident_key_prepare_bytes": 2147483648,
      "static_resident_value_prepare_bytes": 2147483648,
      "vram_fp16_key_cache_bytes": 5368709120,
      "vram_fp16_value_cache_bytes": 5368709120
    },
    "decode_s": 21.95736007904634,
    "decode_steps": 128,
    "decode_tok_s": 5.829480390138018,
    "decode_ms_per_token": 171.54187561754952,