{
  "benchmark": "decode_speed_compare",
  "model": "NousResearch/Meta-Llama-3.1-8B",
  "context_length": 131072,
  "prefix_len": 65536,
  "chunk_tokens": 131072,
  "chunk_index": 0,
  "book_idx": 14,
  "warmup_steps": 8,
  "measure_steps": 128,
  "measured_token_start": 65544,
  "measured_token_end_exclusive": 65672,
  "cache_config": {
    "v_tolerance": 0.05,
    "quantization_mode": "asymmetric_int8_keys+int4_g16_values",
    "asymmetric_keys": true,
    "use_int4_values": true,
    "group_size": 16,
    "score_consistency_check": false,
    "tau_cov": 0.995,
    "k_min": 2,
    "k_max": 128,
    "ranking_fallback": true,
    "ranking_r": 1,
    "ranking_fallback_mode": "full",
    "fp16_key_cache_blocks": 9216,
    "fp16_value_cache_blocks": 9216,
    "eps_guard": 0.01,
    "exploration_rate": 0.02,
    "rung1_threshold": 0.02,
    "rung1_multiplier": 2.0,
    "attention_backend": "native_blackwell",
    "static_resident_cache": "1",
    "splitk_blocks_per_split": "auto_native_32_24_16",
    "cuda_graph_decode": false,
    "runtime_profile": "0",
    "code_sha": "427bf2c9738d8976834bedc9799c1ec44ab4a2cc-dirty",
    "dotcache_config_hash": "43f09d7bdb7d115c563f5d7a2abb053eb050eac3f8819cdc34315ee11b5556ad"
  },
  "dense": {
    "prefill_s": 7.248697116039693,
    "decode_s": 9.362103009945713,
    "decode_steps": 128,
    "decode_tok_s": 13.67214181087527,
    "decode_ms_per_token": 73.14142976520088,
    "decode_step_ms": [
      93.84617614746094,
      73.20518493652344,
      69.93167877197266,
      73.35533142089844,
      74.22694396972656,
      76.10025787353516,
      74.64717102050781,
      69.98332977294922,
      69.6019515991211,
      74.40512084960938,
      75.6895980834961,
      75.1445083618164,
      74.50588989257812,
      72.6760025024414,
      71.10355377197266,
      72.54656219482422,
      70.85734558105469,
      73.94681549072266,
      72.99075317382812,
      72.18736267089844,
      69.53129577636719,
      73.83372497558594,
      75.5350112915039,
      74.0389404296875,
      73.8796157836914,
      74.20642852783203,
      73.47206115722656,
      73.18402862548828,
      76.9510726928711,
      75.24479675292969,
      72.6534423828125,
      68.44220733642578,
      74.48905944824219,
      73.46489715576172,
      71.20819091796875,
      73.47309112548828,
      69.51900482177734,
      74.61341094970703,
      73.68566131591797,
      73.12226867675781,
      73.74918365478516,
      72.92733001708984,
      73.85212707519531,
      74.28265380859375,
      73.86077117919922,
      72.85823822021484,
      73.55564880371094,
      70.27677154541016,
      72.5664291381836,
      73.64409637451172,
      75.56018829345703,
      73.7384033203125,
      70.79542541503906,
      75.1872329711914,
      74.2129898071289,
      74.03731536865234,
      72.87628936767578,
      74.44035339355469,
      73.60047912597656,
      73.52345275878906,
      71.93769836425781,
      73.24332427978516,
      73.72662353515625,
      73.35430145263672,
      72.6714859008789,
      67.90313720703125,
      72.49577331542969,
      68.34960174560547,
      71.84345245361328,
      68.47907257080078,
      68.98652648925781,
      72.2010269165039,
      73.88368225097656,
      76.65936279296875,
      74.24886322021484,
      73.7179183959961,
      66.56057739257812,
      73.01142120361328,
      72.1460189819336,
      73.08211517333984,
      74.30863952636719,
      75.38451385498047,
      75.3854751586914,
      73.96627044677734,
      70.41478729248047,
      71.949951171875,
      75.75267028808594,
      73.79254150390625,
      71.96883392333984,
      72.57315063476562,
      73.27196502685547,
      73.63078308105469,
      72.92233276367188,
      73.2852783203125,
      73.28060913085938,
      71.73699188232422,
      71.61615753173828,
      74.2003173828125,
      75.2984619140625,
      74.0215072631836,
      74.0532455444336,
      73.74301147460938,
      69.8292465209961,
      65.70304107666016,
      68.73273468017578,
      72.64940643310547,
      74.6154556274414,
      71.9780502319336,
      73.13638305664062,
      73.40505981445312,
      74.22940826416016,
      72.79679870605469,
      74.68614196777344,
      76.63884735107422,
      69.00953674316406,
      73.29241943359375,
      67.4315185546875,
      73.9668197631836,
      74.18572998046875,
      72.04828643798828,
      74.67279815673828,
      74.90831756591797,
      74.90217590332031,
      73.95394897460938,
      73.99795532226562,
      73.48806762695312,
      72.52220916748047,
      75.05331420898438
    ],
    "decode_step_ms_stats": {
      "mean": 73.14014279842377,
      "std": 2.7715754530074084,
      "n": 128
    },
    "nll": 272.9429016113281,
    "perplexity": 8.434803490749266
  },
  "certified": {
    "prefill_s": 6.968553255079314,
    "cache_build_s": 20.660346046905033,
    "cache_decode_budget": 65551,
    "cache_runtime": {
      "static_resident_key_cache": true,
      "static_resident_value_cache": true,
      "static_resident_key_prepare_bytes": 4294967296,
      "static_resident_value_prepare_bytes": 4294967296,
      "vram_fp16_key_cache_bytes": 9663676416,
      "vram_fp16_value_cache_bytes": 9663676416
    },
    "decode_s": 24.81204919400625,
    "decode_steps": 128,
    "decode_tok_s": 5.158783903705965,
    "decode_ms_per_token": 193.84413432817382,