{
  "benchmark": "decode_speed_compare",
  "model": "NousResearch/Meta-Llama-3.1-8B",
  "context_length": 8192,
  "prefix_len": 4096,
  "chunk_tokens": 8192,
  "chunk_index": 0,
  "book_idx": 0,
  "warmup_steps": 8,
  "measure_steps": 128,
  "measured_token_start": 4104,
  "measured_token_end_exclusive": 4232,
  "cache_config": {
    "v_tolerance": 0.05,
    "quantization_mode": "asymmetric_int8_keys+int4_g16_values",
    "asymmetric_keys": true,
    "use_int4_values": true,
    "group_size": 16,
    "score_consistency_check": false,
    "tau_cov": 0.995,
    "k_min": 2,
    "k_max": 128,
    "ranking_fallback": true,
    "ranking_r": 1,
    "ranking_fallback_mode": "full",
    "fp16_key_cache_blocks": 1536,
    "fp16_value_cache_blocks": 1536,
    "eps_guard": 0.01,
    "exploration_rate": 0.02,
    "rung1_threshold": 0.02,
    "rung1_multiplier": 2.0,
    "attention_backend": "native_blackwell",
    "static_resident_cache": "1",
    "splitk_blocks_per_split": "auto_native_32_24_16",
    "cuda_graph_decode": false,
    "runtime_profile": "0",
    "code_sha": "427bf2c9738d8976834bedc9799c1ec44ab4a2cc-dirty",
    "dotcache_config_hash": "adcd4191cb1622fb84c496c0146491e81fe911e27f774d5370f42cf6b2f106ab"
  },
  "dense": {
    "prefill_s": 0.6154258049791679,
    "decode_s": 7.739837666042149,
    "decode_steps": 128,
    "decode_tok_s": 16.537814554120256,
    "decode_ms_per_token": 60.46748176595429,
    "decode_step_ms": [
      85.54972839355469,
      63.6181755065918,
      60.59638214111328,
      62.34844970703125,
      61.7171516418457,
      61.589088439941406,
      63.229248046875,
      62.53788757324219,
      58.09872055053711,
      61.95891189575195,
      60.42745590209961,
      61.73823928833008,
      62.64486312866211,
      61.513729095458984,
      59.35174560546875,
      54.5579833984375,
      61.17302322387695,
      60.54380798339844,
      58.8955192565918,
      54.900352478027344,
      62.632896423339844,
      63.51222229003906,
      64.8004150390625,
      63.350433349609375,
      61.17955017089844,
      61.84572982788086,
      63.87468719482422,
      64.30377960205078,
      60.12006378173828,
      56.73196792602539,
      55.7250862121582,
      62.05936050415039,
      62.024383544921875,
      62.43859100341797,
      61.78825759887695,
      62.580928802490234,
      62.717247009277344,
      61.40691375732422,
      61.69014358520508,
      57.00156784057617,
      61.67068862915039,
      62.60287857055664,
      62.79033660888672,
      61.088768005371094,
      56.54694366455078,
      55.362239837646484,
      59.27763366699219,
      58.94771194458008,
      62.64390563964844,
      58.8513298034668,
      53.40806579589844,
      58.88886260986328,
      62.337345123291016,
      55.72675323486328,
      57.983646392822266,
      62.746910095214844,
      61.9521598815918,
      61.968929290771484,
      60.77366256713867,
      56.40604782104492,
      57.373985290527344,
      59.4114875793457,
      62.49193572998047,
      59.08790588378906,
      58.90083312988281,
      60.92451095581055,
      60.58268737792969,
      61.894527435302734,
      60.71830368041992,
      61.85334396362305,
      62.41347122192383,
      60.11510467529297,
      53.795326232910156,
      58.323646545410156,
      61.967262268066406,
      62.4469108581543,
      60.93584060668945,
      59.45552062988281,
      62.09465789794922,
      62.017311096191406,
      61.438560485839844,
      56.967872619628906,
      58.46012878417969,
      61.57990264892578,
      61.43110275268555,
      61.10464096069336,
      62.81145477294922,
      62.39097595214844,
      67.27597045898438,
      62.74319839477539,
      62.97091293334961,
      62.288543701171875,
      62.32400131225586,
      58.20588684082031,
      60.16070556640625,
      62.86454391479492,
      62.686241149902344,
      61.073726654052734,
      58.79094314575195,
      62.52102279663086,
      60.52928161621094,
      60.79622268676758,
      61.98291015625,
      54.23676681518555,
      53.68048095703125,
      58.634849548339844,
      57.656768798828125,
      53.9804801940918,
      60.703006744384766,
      62.25408172607422,
      62.21241760253906,
      62.65206527709961,
      58.123294830322266,
      54.91267013549805,
      59.340065002441406,
      61.79600143432617,
      62.98281478881836,
      60.65216064453125,
      61.53241729736328,
      54.862945556640625,
      52.39014434814453,
      53.333343505859375,
      55.351966857910156,
      62.73158264160156,
      57.92937469482422,
      59.854496002197266,
      58.990238189697266,
      57.99824142456055
    ],
    "decode_step_ms_stats": {
      "mean": 60.46676176786423,
      "std": 3.5977725760244215,
      "n": 128
    },
    "nll": 242.77760314941406,
    "perplexity": 6.663867519265945
  },
  "certified": {
    "prefill_s": 0.24085534608457237,
    "cache_build_s": 2.5239171399734914,
    "cache_decode_budget": 4111,
    "cache_runtime": {
      "static_resident_key_cache": true,
      "static_resident_value_cache": true,
      "static_resident_key_prepare_bytes": 268435456,
      "static_resident_value_prepare_bytes": 268435456,
      "vram_fp16_key_cache_bytes": 1610612736,
      "vram_fp16_value_cache_bytes": 1610612736
    },
    "decode_s": 17.90430290205404,
    "decode_steps": 128,
    "decode_tok_s": 7.149119443534181,
    "decode_ms_per_token": 139.8773664222972,