{
  "benchmark": "performance",
  "sub_benchmark": "perf_32k_vtol_0p02",
  "timestamp": "2026-04-27T14:39:35.452703+00:00",
  "model": "NousResearch/Meta-Llama-3.1-8B",
  "context": 32768,
  "prefix_len": 16384,
  "measure_steps": 500,
  "cache_mode": "capped-2048",
  "v_tolerance": 0.02,
  "fp16_key_cache_blocks": 2048,
  "fp16_value_cache_blocks": 2048,
  "dense_ms_per_step": 62.937231307983396,
  "dense_ms_std": 2.844058081774582,
  "certified_ms_per_step": 252.68353088378908,
  "certified_ms_std": 34.497324969275105,
  "ratio_cert_over_dense": 4.014849805630661,
  "k_star_mean": 217.29161957465277,
  "k_star_max": 256,
  "cache_hit_rate": 0.9974003952180873,
  "h2d_mb_per_step": 434.69684019199997,
  "h2d_bytes_per_step": 434696840.192,
  "rung1_trigger_rate": 1.0,
  "rung2_trigger_rate": 1.0,
  "rung3_trigger_rate": 1.0,
  "rung4_trigger_rate": 0.0,
  "int8_tail_fraction": 0.774412029965734,
  "raw": "runs/perf_32k_vtol_0p02/raw/context_32768_vtol_0p02_cap2048.json",
  "log": "runs/perf_32k_vtol_0p02/raw/context_32768_vtol_0p02_cap2048.log"
}
