{
  "benchmark": "decode_speed_compare",
  "model": "NousResearch/Meta-Llama-3.1-8B",
  "mode": "certified",
  "context_length": 65536,
  "prefix_len": 32768,
  "chunk_tokens": 65536,
  "chunk_index": 0,
  "book_idx": 1,
  "warmup_steps": 8,
  "measure_steps": 64,
  "measured_token_start": 32776,
  "measured_token_end_exclusive": 32840,
  "cache_config": {
    "v_tolerance": 0.05,
    "quantization_mode": "asymmetric_int8_keys+int4_g16_values",
    "asymmetric_keys": true,
    "use_int4_values": true,
    "group_size": 16,
    "score_consistency_check": false,
    "tau_cov": 0.995,
    "k_min": 2,
    "k_max": 128,
    "ranking_fallback": true,
    "ranking_r": 1,
    "ranking_fallback_mode": "full",
    "fp16_key_cache_blocks": 3072,
    "fp16_value_cache_blocks": 3072,
    "eps_guard": 0.01,
    "exploration_rate": 0.02,
    "rung1_threshold": 0.02,
    "rung1_multiplier": 2.0,
    "attention_backend": "native_blackwell",
    "static_resident_cache": "1",
    "splitk_blocks_per_split": "auto_native_32_24_16",
    "cuda_graph_decode": false,
    "runtime_profile": "0",
    "code_sha": "427bf2c9738d8976834bedc9799c1ec44ab4a2cc-dirty",
    "dotcache_config_hash": "2f293de15974488791a3e4c7e8cf2fe1179bf40fcd8c2b3226bfca7060bff261"
  },
  "dense": null,
  "certified": {
    "prefill_s": 3.0010833570268005,
    "cache_build_s": 10.532605417072773,
    "cache_decode_budget": 32783,
    "cache_runtime": {
      "static_resident_key_cache": false,
      "static_resident_value_cache": false,
      "static_resident_key_prepare_bytes": 0,
      "static_resident_value_prepare_bytes": 0,
      "vram_fp16_key_cache_bytes": 3221225472,
      "vram_fp16_value_cache_bytes": 3221225472
    },
    "decode_s": 16.795368292951025,
    "decode_steps": 64,
    "decode_tok_s": 3.810574372868063,
    "decode_ms_per_token": 262.42762957735977,
    "decode_step_ms": [
      259.57379150390625,
      253.57040405273438,
      253.6577911376953,
      255.70166015625,
      252.8560028076172,
      256.7901306152344,
      252.8672332763672,
      377.0845642089844,
      249.0374755859375,
      246.47337341308594,
      255.7262420654297,
      255.20809936523438,
      256.3979797363281,
      263.6366271972656,
      254.7821044921875,
      249.62217712402344,
      244.19395446777344,
      252.144287109375,
      254.6592254638672,
      254.31414794921875,
      252.50473022460938,
      259.6409912109375,
      251.38243103027344,
      372.87896728515625,
      260.17041015625,
      252.17808532714844,
      254.61724853515625,
      258.6712646484375,
      271.0063781738281,
      260.4130859375,
      258.9252624511719,
      255.106689453125,
      254.4646759033203,
      253.8164825439453,
      247.3785858154297,
      258.22381591796875,
      253.9024658203125,
      253.9649658203125,
      254.76368713378906,
      379.98455810546875,
      259.94818115234375,
      256.1809387207031,
      262.0033874511719,
      252.09715270996094,
      253.8666534423828,
      252.83139038085938,
      249.20335388183594,
      251.4449005126953,
      254.37767028808594,
      259.6767883300781,
      252.829345703125,
      248.7528076171875,
      255.06985473632812,
      257.3953552246094,
      250.79055786132812,
      374.2255554199219,
      260.7633056640625,
      253.26454162597656,
      254.85072326660156,
      260.01885986328125,
      254.48924255371094,
      256.0498352050781,
      250.50486755371094,
      252.3982696533203
    ],
    "decode_step_ms_stats": {
      "mean": 262.42696237564087,
      "std": 29.649149521001327,
      "n": 64
    },
    "nll": 216.1675567626953,
    "perplexity": 29.30089537462745,
    "runtime_profile": {
      "model_forward_ms_total": 16795.368292951025,
      "qkv_projection_ms_total": 0.0,
      "append_runtime_ms_total": 0.0,
      "decode_runtime_ms_total": 0.0,
      "output_projection_ms_total": 0.0,
      "other_overhead_ms_total": 16795.368292951025,
      "per_layer": []
    },
    "phase_timings_ms": {},
    "native_profile": null,
    "telemetry": {
      "n_steps": 64,
      "int8_tail_fraction": 0.8751222687255343,
      "k_star_mean": 218.4632568359375,
      "k_star_max": 256,
      "rung1_trigger_rate": 1.0,
      "rung2_trigger_rate": 1.0,
      "rung3_trigger_rate": 1.0,
      "rung4_trigger_rate": 0.0,
      "rung1_expansion_rate": 1.0,
      "boundary_check_triggers": 567,
      "score_consistency_violations": 0,
      "ranking_consistency_fire_rate": 0.009195963541666666,
      "e_key_mean": 0.5989208133843122,
      "e_key_max": 10.586593627929688,
      "e_val_mean": 0.028308775460952045,
      "e_val_max": 0.04999982565641403,
      "value_fallback_blocks": 123585,
      "h2d_bytes_per_step": 241879072.0,
      "h2d_total_bytes": 15480260608,
      "fp16_cache_hit_rate": 0.9749347042229963,
      "fp16_cache_total_hits": 2424803,
      "fp16_cache_total_misses": 62341,
      "fp16_value_cache_hit_rate": null,
      "fp16_value_cache_total_hits": 0,
      "fp16_value_cache_total_misses": 0
    }
  },
  "certified_vs_dense_decode_speed": null,
  "quality_window": null
}