{
  "benchmark": "decode_speed_compare",
  "model": "NousResearch/Meta-Llama-3.1-8B",
  "mode": "certified",
  "context_length": 65536,
  "prefix_len": 32768,
  "chunk_tokens": 65536,
  "chunk_index": 0,
  "book_idx": 1,
  "warmup_steps": 8,
  "measure_steps": 64,
  "measured_token_start": 32776,
  "measured_token_end_exclusive": 32840,
  "cache_config": {
    "v_tolerance": 0.05,
    "quantization_mode": "asymmetric_int8_keys+int4_g16_values",
    "asymmetric_keys": true,
    "use_int4_values": true,
    "group_size": 16,
    "score_consistency_check": false,
    "tau_cov": 0.995,
    "k_min": 2,
    "k_max": 128,
    "ranking_fallback": true,
    "ranking_r": 1,
    "ranking_fallback_mode": "full",
    "fp16_key_cache_blocks": 4096,
    "fp16_value_cache_blocks": 4096,
    "eps_guard": 0.01,
    "exploration_rate": 0.02,
    "rung1_threshold": 0.02,
    "rung1_multiplier": 2.0,
    "attention_backend": "native_blackwell",
    "static_resident_cache": "1",
    "splitk_blocks_per_split": "auto_native_32_24_16",
    "cuda_graph_decode": false,
    "runtime_profile": "0",
    "code_sha": "427bf2c9738d8976834bedc9799c1ec44ab4a2cc-dirty",
    "dotcache_config_hash": "185971ac7afe54718da4e82ff7302fec6ce4c5382f8abd6d00c92d21b96c56d6"
  },
  "dense": null,
  "certified": {
    "prefill_s": 3.0434311920544133,
    "cache_build_s": 10.843671135953628,
    "cache_decode_budget": 32783,
    "cache_runtime": {
      "static_resident_key_cache": false,
      "static_resident_value_cache": false,
      "static_resident_key_prepare_bytes": 0,
      "static_resident_value_prepare_bytes": 0,
      "vram_fp16_key_cache_bytes": 4294967296,
      "vram_fp16_value_cache_bytes": 4294967296
    },
    "decode_s": 17.26193093205802,
    "decode_steps": 64,
    "decode_tok_s": 3.7075805859669098,
    "decode_ms_per_token": 269.7176708134066,
    "decode_step_ms": [
      264.0235290527344,
      260.6539611816406,
      259.63995361328125,
      260.091552734375,
      260.713134765625,
      260.8892822265625,
      262.1313171386719,
      391.9510192871094,
      253.61270141601562,
      256.8352355957031,
      262.8891296386719,
      264.79071044921875,
      263.4563903808594,
      272.244384765625,
      260.80322265625,
      258.56988525390625,
      254.1881866455078,
      259.1290283203125,
      262.13848876953125,
      260.0485534667969,
      259.8816223144531,
      265.5085144042969,
      259.595947265625,
      391.9960632324219,
      265.582275390625,
      258.00665283203125,
      263.7339172363281,
      263.30487060546875,
      274.2176208496094,
      264.6114807128906,
      265.60009765625,
      260.31842041015625,
      259.3686218261719,
      260.73565673828125,
      258.14801025390625,
      263.1410217285156,
      258.4122009277344,
      259.1095275878906,
      262.1917724609375,
      390.7652282714844,
      262.43450927734375,
      261.0909729003906,
      268.7003173828125,
      258.025146484375,
      260.9640197753906,
      258.07012939453125,
      255.8614044189453,
      257.97698974609375,
      259.8836669921875,
      270.1687316894531,
      260.3926086425781,
      255.03097534179688,
      265.23406982421875,
      266.2314453125,
      254.63465881347656,
      383.1845397949219,
      263.70526123046875,
      267.8063659667969,
      266.6072692871094,
      269.577880859375,
      261.82110595703125,
      263.26593017578125,
      256.61199951171875,
      261.5640563964844
    ],
    "decode_step_ms_stats": {
      "mean": 269.7167694568634,
      "std": 31.20380658529459,
      "n": 64
    },
    "nll": 216.10171508789062,
    "perplexity": 29.27076681217167,
    "runtime_profile": {
      "model_forward_ms_total": 17261.93093205802,
      "qkv_projection_ms_total": 0.0,
      "append_runtime_ms_total": 0.0,
      "decode_runtime_ms_total": 0.0,
      "output_projection_ms_total": 0.0,
      "other_overhead_ms_total": 17261.93093205802,
      "per_layer": []
    },
    "phase_timings_ms": {},
    "native_profile": null,
    "telemetry": {
      "n_steps": 64,
      "int8_tail_fraction": 0.8752137239068342,
      "k_star_mean": 218.2421129014757,
      "k_star_max": 256,
      "rung1_trigger_rate": 1.0,
      "rung2_trigger_rate": 1.0,
      "rung3_trigger_rate": 1.0,
      "rung4_trigger_rate": 0.0,
      "rung1_expansion_rate": 1.0,
      "boundary_check_triggers": 548,
      "score_consistency_violations": 0,
      "ranking_consistency_fire_rate": 0.008884006076388888,
      "e_key_mean": 0.5965840087543862,
      "e_key_max": 10.660016059875488,
      "e_val_mean": 0.028280527154265656,
      "e_val_max": 0.04999990016222,
      "value_fallback_blocks": 123569,
      "h2d_bytes_per_step": 235307048.0,
      "h2d_total_bytes": 15059651072,
      "fp16_cache_hit_rate": 0.9749194759884358,
      "fp16_cache_total_hits": 2423254,
      "fp16_cache_total_misses": 62340,
      "fp16_value_cache_hit_rate": null,
      "fp16_value_cache_total_hits": 0,
      "fp16_value_cache_total_misses": 0
    }
  },
  "certified_vs_dense_decode_speed": null,
  "quality_window": null
}