{
  "benchmark": "decode_speed_compare",
  "model": "NousResearch/Meta-Llama-3.1-8B",
  "mode": "certified",
  "context_length": 65536,
  "prefix_len": 32768,
  "chunk_tokens": 65536,
  "chunk_index": 0,
  "book_idx": 1,
  "warmup_steps": 8,
  "measure_steps": 64,
  "measured_token_start": 32776,
  "measured_token_end_exclusive": 32840,
  "cache_config": {
    "v_tolerance": 0.05,
    "quantization_mode": "asymmetric_int8_keys+int4_g16_values",
    "asymmetric_keys": true,
    "use_int4_values": true,
    "group_size": 16,
    "score_consistency_check": false,
    "tau_cov": 0.995,
    "k_min": 2,
    "k_max": 128,
    "ranking_fallback": true,
    "ranking_r": 1,
    "ranking_fallback_mode": "full",
    "fp16_key_cache_blocks": 2048,
    "fp16_value_cache_blocks": 2048,
    "eps_guard": 0.01,
    "exploration_rate": 0.02,
    "rung1_threshold": 0.02,
    "rung1_multiplier": 2.0,
    "attention_backend": "native_blackwell",
    "static_resident_cache": "1",
    "splitk_blocks_per_split": "auto_native_32_24_16",
    "cuda_graph_decode": false,
    "runtime_profile": "0",
    "code_sha": "427bf2c9738d8976834bedc9799c1ec44ab4a2cc-dirty",
    "dotcache_config_hash": "d09cdf6906eaafb778904dafb6eca105fd2be9d19983974085b5687d937cced6"
  },
  "dense": null,
  "certified": {
    "prefill_s": 3.0101536349393427,
    "cache_build_s": 11.045789767988026,
    "cache_decode_budget": 32783,
    "cache_runtime": {
      "static_resident_key_cache": false,
      "static_resident_value_cache": false,
      "static_resident_key_prepare_bytes": 0,
      "static_resident_value_prepare_bytes": 0,
      "vram_fp16_key_cache_bytes": 2147483648,
      "vram_fp16_value_cache_bytes": 2147483648
    },
    "decode_s": 16.58856201695744,
    "decode_steps": 64,
    "decode_tok_s": 3.8580800394016577,
    "decode_ms_per_token": 259.19628151496,
    "decode_step_ms": [
      255.62521362304688,
      252.52236938476562,
      250.77008056640625,
      253.69667053222656,
      249.75634765625,
      251.5298614501953,
      250.75677490234375,
      379.459228515625,
      243.90211486816406,
      244.65679931640625,
      253.47552490234375,
      256.6283874511719,
      254.44009399414062,
      258.2094421386719,
      252.25283813476562,
      247.85372924804688,
      241.2586212158203,
      248.07594299316406,
      252.2006378173828,
      250.82640075683594,
      250.65846252441406,
      257.4752197265625,
      249.1552276611328,
      366.00079345703125,
      252.27536010742188,
      251.5001983642578,
      251.43466186523438,
      254.90806579589844,
      264.3309020996094,
      255.88394165039062,
      255.72726440429688,
      252.26307678222656,
      250.22840881347656,
      253.35670471191406,
      243.84165954589844,
      254.23426818847656,
      250.97491455078125,
      246.95770263671875,
      251.9456329345703,
      368.3242492675781,
      255.98223876953125,
      250.52330017089844,
      259.0296630859375,
      247.1809539794922,
      256.3621520996094,
      248.53062438964844,
      246.19996643066406,
      249.3354949951172,
      250.56320190429688,
      257.224365234375,
      252.2190704345703,
      246.93008422851562,
      250.34716796875,
      254.7565460205078,
      246.70477294921875,
      371.7116394042969,
      257.4629821777344,
      250.6471710205078,
      253.80726623535156,
      253.41302490234375,
      250.83103942871094,
      251.7305908203125,
      247.48406982421875,
      250.16184997558594
    ],
    "decode_step_ms_stats": {
      "mean": 259.19551610946655,
      "std": 29.262676048130768,
      "n": 64
    },
    "nll": 216.1060028076172,
    "perplexity": 29.272727891054537,
    "runtime_profile": {
      "model_forward_ms_total": 16588.56201695744,
      "qkv_projection_ms_total": 0.0,
      "append_runtime_ms_total": 0.0,
      "decode_runtime_ms_total": 0.0,
      "output_projection_ms_total": 0.0,
      "other_overhead_ms_total": 16588.56201695744,
      "per_layer": []
    },
    "phase_timings_ms": {},
    "native_profile": null,
    "telemetry": {
      "n_steps": 64,
      "int8_tail_fraction": 0.875160139160024,
      "k_star_mean": 218.37345038519965,
      "k_star_max": 256,
      "rung1_trigger_rate": 1.0,
      "rung2_trigger_rate": 1.0,
      "rung3_trigger_rate": 1.0,
      "rung4_trigger_rate": 0.0,
      "rung1_expansion_rate": 1.0,
      "boundary_check_triggers": 534,
      "score_consistency_violations": 0,
      "ranking_consistency_fire_rate": 0.008951822916666666,
      "e_key_mean": 0.5992629718332156,
      "e_key_max": 10.55345630645752,
      "e_val_mean": 0.02827154461394659,
      "e_val_max": 0.04999982565641403,
      "value_fallback_blocks": 123674,
      "h2d_bytes_per_step": 238511688.0,
      "h2d_total_bytes": 15264748032,
      "fp16_cache_hit_rate": 0.9749593728436278,
      "fp16_cache_total_hits": 2427370,
      "fp16_cache_total_misses": 62344,
      "fp16_value_cache_hit_rate": null,
      "fp16_value_cache_total_hits": 0,
      "fp16_value_cache_total_misses": 0
    }
  },
  "certified_vs_dense_decode_speed": null,
  "quality_window": null
}