{
  "benchmark": "decode_speed_compare",
  "model": "NousResearch/Meta-Llama-3.1-8B",
  "mode": "certified",
  "context_length": 65536,
  "prefix_len": 32768,
  "chunk_tokens": 65536,
  "chunk_index": 0,
  "book_idx": 1,
  "warmup_steps": 8,
  "measure_steps": 64,
  "measured_token_start": 32776,
  "measured_token_end_exclusive": 32840,
  "cache_config": {
    "v_tolerance": 0.05,
    "quantization_mode": "asymmetric_int8_keys+int4_g16_values",
    "asymmetric_keys": true,
    "use_int4_values": true,
    "group_size": 16,
    "score_consistency_check": false,
    "tau_cov": 0.995,
    "k_min": 2,
    "k_max": 128,
    "ranking_fallback": true,
    "ranking_r": 1,
    "ranking_fallback_mode": "full",
    "fp16_key_cache_blocks": 3584,
    "fp16_value_cache_blocks": 3584,
    "eps_guard": 0.01,
    "exploration_rate": 0.02,
    "rung1_threshold": 0.02,
    "rung1_multiplier": 2.0,
    "attention_backend": "native_blackwell",
    "static_resident_cache": "1",
    "splitk_blocks_per_split": "auto_native_32_24_16",
    "cuda_graph_decode": false,
    "runtime_profile": "0",
    "code_sha": "427bf2c9738d8976834bedc9799c1ec44ab4a2cc-dirty",
    "dotcache_config_hash": "4adbb7ae497c41673a01c33667193ebcb657b8cfeb5b1fef9b40379193cb1cf2"
  },
  "dense": null,
  "certified": {
    "prefill_s": 3.000454155029729,
    "cache_build_s": 10.998187580960803,
    "cache_decode_budget": 32783,
    "cache_runtime": {
      "static_resident_key_cache": false,
      "static_resident_value_cache": false,
      "static_resident_key_prepare_bytes": 0,
      "static_resident_value_prepare_bytes": 0,
      "vram_fp16_key_cache_bytes": 3758096384,
      "vram_fp16_value_cache_bytes": 3758096384
    },
    "decode_s": 16.952391719911247,
    "decode_steps": 64,
    "decode_tok_s": 3.7752785009580387,
    "decode_ms_per_token": 264.88112062361324,
    "decode_step_ms": [
      260.91680908203125,
      255.5076141357422,
      253.4416961669922,
      257.72918701171875,
      255.5634307861328,
      258.5268859863281,
      254.95106506347656,
      377.77166748046875,
      250.5089569091797,
      247.51478576660156,
      257.93194580078125,
      256.5372619628906,
      266.9881896972656,
      263.4297790527344,
      258.0107727050781,
      252.3603515625,
      246.54713439941406,
      253.90147399902344,
      259.2200927734375,
      253.79193115234375,
      255.08831787109375,
      260.71307373046875,
      254.98895263671875,
      374.8840026855469,
      261.1360168457031,
      254.05711364746094,
      256.21368408203125,
      263.6376647949219,
      269.3556823730469,
      261.92041015625,
      264.06365966796875,
      257.3267517089844,
      256.88336181640625,
      256.80450439453125,
      251.79408264160156,
      261.7688903808594,
      255.1149139404297,
      254.46978759765625,
      258.1920471191406,
      377.6252136230469,
      262.68328857421875,
      258.0650634765625,
      265.6744384765625,
      260.1242980957031,
      256.6181640625,
      256.0211486816406,
      253.1949462890625,
      254.79335021972656,
      259.47100830078125,
      262.5890808105469,
      255.26748657226562,
      252.249755859375,
      259.2846374511719,
      258.9118957519531,
      254.4718475341797,
      373.8651123046875,
      262.4395751953125,
      254.60595703125,
      259.5426940917969,
      259.337890625,
      255.7631072998047,
      260.72540283203125,
      253.4181365966797,
      256.01806640625
    ],
    "decode_step_ms_stats": {
      "mean": 264.880086183548,
      "std": 29.00971852417538,
      "n": 64
    },
    "nll": 216.46405029296875,
    "perplexity": 29.436952881210697,
    "runtime_profile": {
      "model_forward_ms_total": 16952.391719911247,
      "qkv_projection_ms_total": 0.0,
      "append_runtime_ms_total": 0.0,
      "decode_runtime_ms_total": 0.0,
      "output_projection_ms_total": 0.0,
      "other_overhead_ms_total": 16952.391719911247,
      "per_layer": []
    },
    "phase_timings_ms": {},
    "native_profile": null,
    "telemetry": {
      "n_steps": 64,
      "int8_tail_fraction": 0.8751968852539856,
      "k_star_mean": 218.3268110487196,
      "k_star_max": 256,
      "rung1_trigger_rate": 1.0,
      "rung2_trigger_rate": 1.0,
      "rung3_trigger_rate": 1.0,
      "rung4_trigger_rate": 0.0,
      "rung1_expansion_rate": 1.0,
      "boundary_check_triggers": 561,
      "score_consistency_violations": 0,
      "ranking_consistency_fire_rate": 0.009236653645833334,
      "e_key_mean": 0.5966409247458715,
      "e_key_max": 10.569014549255371,
      "e_val_mean": 0.028230900151230445,
      "e_val_max": 0.04999982565641403,
      "value_fallback_blocks": 123591,
      "h2d_bytes_per_step": 240041024.0,
      "h2d_total_bytes": 15362625536,
      "fp16_cache_hit_rate": 0.9749548373824325,
      "fp16_cache_total_hits": 2426452,
      "fp16_cache_total_misses": 62332,
      "fp16_value_cache_hit_rate": null,
      "fp16_value_cache_total_hits": 0,
      "fp16_value_cache_total_misses": 0
    }
  },
  "certified_vs_dense_decode_speed": null,
  "quality_window": null
}