{
  "benchmark": "decode_speed_compare",
  "model": "NousResearch/Meta-Llama-3.1-8B",
  "mode": "certified",
  "context_length": 65536,
  "prefix_len": 32768,
  "chunk_tokens": 65536,
  "chunk_index": 0,
  "book_idx": 1,
  "warmup_steps": 8,
  "measure_steps": 64,
  "measured_token_start": 32776,
  "measured_token_end_exclusive": 32840,
  "cache_config": {
    "v_tolerance": 0.05,
    "quantization_mode": "asymmetric_int8_keys+int4_g16_values",
    "asymmetric_keys": true,
    "use_int4_values": true,
    "group_size": 16,
    "score_consistency_check": false,
    "tau_cov": 0.995,
    "k_min": 2,
    "k_max": 128,
    "ranking_fallback": true,
    "ranking_r": 1,
    "ranking_fallback_mode": "full",
    "fp16_key_cache_blocks": 0,
    "fp16_value_cache_blocks": 0,
    "eps_guard": 0.01,
    "exploration_rate": 0.02,
    "rung1_threshold": 0.02,
    "rung1_multiplier": 2.0,
    "attention_backend": "native_blackwell",
    "static_resident_cache": "1",
    "splitk_blocks_per_split": "auto_native_32_24_16",
    "cuda_graph_decode": false,
    "runtime_profile": "0",
    "code_sha": "427bf2c9738d8976834bedc9799c1ec44ab4a2cc-dirty",
    "dotcache_config_hash": "04b1c34d33eb1516a2c6ffd91117e4236ca06e06b7b8dd94ad2ec3ea442938f7"
  },
  "dense": null,
  "certified": {
    "prefill_s": 2.984519917052239,
    "cache_build_s": 10.824646876077168,
    "cache_decode_budget": 32783,
    "cache_runtime": {
      "static_resident_key_cache": false,
      "static_resident_value_cache": false,
      "static_resident_key_prepare_bytes": 0,
      "static_resident_value_prepare_bytes": 0,
      "vram_fp16_key_cache_bytes": 0,
      "vram_fp16_value_cache_bytes": 0
    },
    "decode_s": 217.75010320008732,
    "decode_steps": 64,
    "decode_tok_s": 0.2939149008861381,
    "decode_ms_per_token": 3402.3453625013644,
    "decode_step_ms": [
      3426.592529296875,
      2788.173095703125,
      2727.676513671875,
      2823.39794921875,
      2780.47607421875,
      2560.835205078125,
      2564.0869140625,
      4500.83154296875,
      4319.0966796875,
      3884.6337890625,
      4300.759765625,
      3797.8662109375,
      4222.16455078125,
      3524.511474609375,
      4026.712646484375,
      3537.16796875,
      2405.26708984375,
      3303.294677734375,
      3174.76123046875,
      2542.6708984375,
      2191.819091796875,
      2796.03369140625,
      2069.41357421875,
      4676.96826171875,
      4589.7509765625,
      4779.36376953125,
      3890.7060546875,
      3469.02197265625,
      3207.445068359375,
      3378.9169921875,
      4079.022705078125,
      3376.010009765625,
      2875.753173828125,
      3297.341064453125,
      2677.6357421875,
      2713.8857421875,
      2940.543212890625,
      3118.197509765625,
      3155.021484375,
      4955.80859375,
      4673.1552734375,
      4159.658203125,
      3549.566650390625,
      3430.893310546875,
      3154.556640625,
      3819.258544921875,
      3342.08740234375,
      3487.0517578125,
      2905.71435546875,
      3235.24462890625,
      2768.464599609375,
      2325.029541015625,
      2824.775390625,
      2197.7421875,
      2479.166015625,
      5183.9814453125,
      4377.505859375,
      4000.54248046875,
      3799.31103515625,
      3211.649169921875,
      3862.7646484375,
      3253.87939453125,
      3351.71142578125,
      2908.712646484375
    ],
    "decode_step_ms_stats": {
      "mean": 3402.375907897949,
      "std": 734.4576568334568,
      "n": 64
    },
    "nll": 218.0158233642578,
    "perplexity": 30.159417824930376,
    "runtime_profile": {
      "model_forward_ms_total": 217750.10320008732,
      "qkv_projection_ms_total": 0.0,
      "append_runtime_ms_total": 0.0,
      "decode_runtime_ms_total": 0.0,
      "output_projection_ms_total": 0.0,
      "other_overhead_ms_total": 217750.10320008732,
      "per_layer": []
    },
    "phase_timings_ms": {},
    "native_profile": null,
    "telemetry": {
      "n_steps": 64,
      "int8_tail_fraction": 0.8751786643236644,
      "k_star_mean": 218.3038533528646,
      "k_star_max": 256,
      "rung1_trigger_rate": 1.0,
      "rung2_trigger_rate": 1.0,
      "rung3_trigger_rate": 1.0,
      "rung4_trigger_rate": 0.0,
      "rung1_expansion_rate": 1.0,
      "boundary_check_triggers": 554,
      "score_consistency_violations": 0,
      "ranking_consistency_fire_rate": 0.008992513020833334,
      "e_key_mean": 0.5978283827033819,
      "e_key_max": 10.46353816986084,
      "e_val_mean": 0.028270748259829916,
      "e_val_max": 0.0499998964369297,
      "value_fallback_blocks": 123848,
      "h2d_bytes_per_step": 1478269376.0,
      "h2d_total_bytes": 94609240064,
      "fp16_cache_hit_rate": 0.0,
      "fp16_cache_total_hits": 0,
      "fp16_cache_total_misses": 2488272,
      "fp16_value_cache_hit_rate": null,
      "fp16_value_cache_total_hits": 0,
      "fp16_value_cache_total_misses": 0
    }
  },
  "certified_vs_dense_decode_speed": null,
  "quality_window": null
}