{
  "benchmark": "decode_speed_compare",
  "model": "NousResearch/Meta-Llama-3.1-8B",
  "mode": "certified",
  "context_length": 65536,
  "prefix_len": 32768,
  "chunk_tokens": 65536,
  "chunk_index": 0,
  "book_idx": 1,
  "warmup_steps": 8,
  "measure_steps": 64,
  "measured_token_start": 32776,
  "measured_token_end_exclusive": 32840,
  "cache_config": {
    "v_tolerance": 0.05,
    "quantization_mode": "asymmetric_int8_keys+int4_g16_values",
    "asymmetric_keys": true,
    "use_int4_values": true,
    "group_size": 16,
    "score_consistency_check": false,
    "tau_cov": 0.995,
    "k_min": 2,
    "k_max": 128,
    "ranking_fallback": true,
    "ranking_r": 1,
    "ranking_fallback_mode": "full",
    "fp16_key_cache_blocks": 5120,
    "fp16_value_cache_blocks": 5120,
    "eps_guard": 0.01,
    "exploration_rate": 0.02,
    "rung1_threshold": 0.02,
    "rung1_multiplier": 2.0,
    "attention_backend": "native_blackwell",
    "static_resident_cache": "1",
    "splitk_blocks_per_split": "auto_native_32_24_16",
    "cuda_graph_decode": false,
    "runtime_profile": "0",
    "code_sha": "427bf2c9738d8976834bedc9799c1ec44ab4a2cc-dirty",
    "dotcache_config_hash": "78eb8d9856fc5f3b42c9bd5931d0e21549c73567de103032e07b71ffdfe697d0"
  },
  "dense": null,
  "certified": {
    "prefill_s": 3.04160567605868,
    "cache_build_s": 11.670836623990908,
    "cache_decode_budget": 32783,
    "cache_runtime": {
      "static_resident_key_cache": true,
      "static_resident_value_cache": true,
      "static_resident_key_prepare_bytes": 2147483648,
      "static_resident_value_prepare_bytes": 2147483648,
      "vram_fp16_key_cache_bytes": 5368709120,
      "vram_fp16_value_cache_bytes": 5368709120
    },
    "decode_s": 11.116747191990726,
    "decode_steps": 64,
    "decode_tok_s": 5.757079736967485,
    "decode_ms_per_token": 173.6991748748551,
    "decode_step_ms": [
      181.43084716796875,
      174.67808532714844,
      175.26133728027344,
      174.47389221191406,
      172.78530883789062,
      170.7373504638672,
      171.98045349121094,
      191.56239318847656,
      167.000732421875,
      168.39747619628906,
      173.4949493408203,
      174.14413452148438,
      177.4977569580078,
      175.47129821777344,
      172.4095001220703,
      168.8756866455078,
      162.8125762939453,
      165.52207946777344,
      171.29129028320312,
      171.51866149902344,
      170.81411743164062,
      176.34063720703125,
      172.1780548095703,
      186.60009765625,
      171.5882568359375,
      173.80726623535156,
      172.69110107421875,
      175.3996124267578,
      177.6195831298828,
      173.69564819335938,
      173.0904998779297,
      173.420166015625,
      171.3035888671875,
      169.2914276123047,
      168.41798400878906,
      174.79437255859375,
      169.0180206298828,
      167.2526092529297,
      170.16796875,
      186.54173278808594,
      175.52960205078125,
      173.0812530517578,
      182.2532501220703,
      168.0543975830078,
      173.68748474121094,
      172.3336944580078,
      168.73333740234375,
      172.74537658691406,
      172.30300903320312,
      181.93373107910156,
      175.68016052246094,
      170.7782745361328,
      173.82774353027344,
      179.4996795654297,
      169.44837951660156,
      186.8909454345703,
      176.66627502441406,
      170.49462890625,
      172.22108459472656,
      175.15382385253906,
      171.7551727294922,
      174.0100555419922,
      170.97491455078125,
      173.12527465820312
    ],
    "decode_step_ms_stats": {
      "mean": 173.69625163078308,
      "std": 5.138132077255413,
      "n": 64
    },
    "nll": 215.7963409423828,
    "perplexity": 29.13143486999907,
    "runtime_profile": {
      "model_forward_ms_total": 11116.747191990726,
      "qkv_projection_ms_total": 0.0,
      "append_runtime_ms_total": 0.0,
      "decode_runtime_ms_total": 0.0,
      "output_projection_ms_total": 0.0,
      "other_overhead_ms_total": 11116.747191990726,
      "per_layer": []
    },
    "phase_timings_ms": {},
    "native_profile": null,
    "telemetry": {
      "n_steps": 64,
      "int8_tail_fraction": 0.8751802714692427,
      "k_star_mean": 218.33753458658853,
      "k_star_max": 256,
      "rung1_trigger_rate": 1.0,
      "rung2_trigger_rate": 1.0,
      "rung3_trigger_rate": 1.0,
      "rung4_trigger_rate": 0.0,
      "rung1_expansion_rate": 1.0,
      "boundary_check_triggers": 553,
      "score_consistency_violations": 0,
      "ranking_consistency_fire_rate": 0.009114583333333334,
      "e_key_mean": 0.59745625582501,
      "e_key_max": 10.62518310546875,
      "e_val_mean": 0.027989132195519534,
      "e_val_max": 0.049999818205833435,
      "value_fallback_blocks": 123555,
      "h2d_bytes_per_step": 0.0,
      "h2d_total_bytes": 0,
      "fp16_cache_hit_rate": null,
      "fp16_cache_total_hits": 0,
      "fp16_cache_total_misses": 0,
      "fp16_value_cache_hit_rate": null,
      "fp16_value_cache_total_hits": 0,
      "fp16_value_cache_total_misses": 0
    }
  },
  "certified_vs_dense_decode_speed": null,
  "quality_window": null
}