{
  "benchmark": "decode_speed_compare",
  "model": "NousResearch/Meta-Llama-3.1-8B",
  "mode": "certified",
  "context_length": 65536,
  "prefix_len": 32768,
  "chunk_tokens": 65536,
  "chunk_index": 0,
  "book_idx": 1,
  "warmup_steps": 8,
  "measure_steps": 64,
  "measured_token_start": 32776,
  "measured_token_end_exclusive": 32840,
  "cache_config": {
    "v_tolerance": 0.05,
    "quantization_mode": "asymmetric_int8_keys+int4_g16_values",
    "asymmetric_keys": true,
    "use_int4_values": true,
    "group_size": 16,
    "score_consistency_check": false,
    "tau_cov": 0.995,
    "k_min": 2,
    "k_max": 128,
    "ranking_fallback": true,
    "ranking_r": 1,
    "ranking_fallback_mode": "full",
    "fp16_key_cache_blocks": 1024,
    "fp16_value_cache_blocks": 1024,
    "eps_guard": 0.01,
    "exploration_rate": 0.02,
    "rung1_threshold": 0.02,
    "rung1_multiplier": 2.0,
    "attention_backend": "native_blackwell",
    "static_resident_cache": "1",
    "splitk_blocks_per_split": "auto_native_32_24_16",
    "cuda_graph_decode": false,
    "runtime_profile": "0",
    "code_sha": "427bf2c9738d8976834bedc9799c1ec44ab4a2cc-dirty",
    "dotcache_config_hash": "472493dc20e76799e23575cf8f5dceb1cf73883da5a2e167165e75ca5078e722"
  },
  "dense": null,
  "certified": {
    "prefill_s": 3.0774673939449713,
    "cache_build_s": 11.237693142029457,
    "cache_decode_budget": 32783,
    "cache_runtime": {
      "static_resident_key_cache": false,
      "static_resident_value_cache": false,
      "static_resident_key_prepare_bytes": 0,
      "static_resident_value_prepare_bytes": 0,
      "vram_fp16_key_cache_bytes": 1073741824,
      "vram_fp16_value_cache_bytes": 1073741824
    },
    "decode_s": 52.764247267041355,
    "decode_steps": 64,
    "decode_tok_s": 1.2129425380806473,
    "decode_ms_per_token": 824.4413635475212,
    "decode_step_ms": [
      944.7049560546875,
      902.7257690429688,
      533.8313598632812,
      605.1181030273438,
      797.3392944335938,
      885.3797607421875,
      957.3640747070312,
      810.752685546875,
      619.4367065429688,
      584.5704956054688,
      743.9346313476562,
      720.4512329101562,
      972.8006591796875,
      1010.6405639648438,
      852.6157836914062,
      829.4534301757812,
      777.7845458984375,
      1266.731689453125,
      1327.7838134765625,
      700.3296508789062,
      810.3123779296875,
      915.8611450195312,
      785.2212524414062,
      953.1255493164062,
      960.6439819335938,
      639.2398681640625,
      721.6923217773438,
      681.2012939453125,
      701.5850830078125,
      923.1796875,
      1243.205322265625,
      884.2349243164062,
      740.7407836914062,
      865.5069580078125,
      809.6385498046875,
      779.986572265625,
      937.9580688476562,
      754.8770751953125,
      1047.173828125,
      1065.14599609375,
      1086.28857421875,
      993.3922729492188,
      697.2053833007812,
      697.0415649414062,
      684.6951904296875,
      645.03369140625,
      569.7091674804688,
      604.9839477539062,
      830.8763427734375,
      1001.513671875,
      636.1392211914062,
      586.3696899414062,
      765.5492553710938,
      902.3822021484375,
      905.0108642578125,
      867.4710083007812,
      637.7919311523438,
      926.0100708007812,
      893.8635864257812,
      877.4058227539062,
      958.262939453125,
      772.3250122070312,
      546.705078125,
      614.1077880859375
    ],
    "decode_step_ms_stats": {
      "mean": 824.4439706802368,
      "std": 172.181939935847,
      "n": 64
    },
    "nll": 218.43258666992188,
    "perplexity": 30.35645458984227,
    "runtime_profile": {
      "model_forward_ms_total": 52764.247267041355,
      "qkv_projection_ms_total": 0.0,
      "append_runtime_ms_total": 0.0,
      "decode_runtime_ms_total": 0.0,
      "output_projection_ms_total": 0.0,
      "other_overhead_ms_total": 52764.247267041355,
      "per_layer": []
    },
    "phase_timings_ms": {},
    "native_profile": null,
    "telemetry": {
      "n_steps": 64,
      "int8_tail_fraction": 0.875220013600023,
      "k_star_mean": 218.2651841905382,
      "k_star_max": 256,
      "rung1_trigger_rate": 1.0,
      "rung2_trigger_rate": 1.0,
      "rung3_trigger_rate": 1.0,
      "rung4_trigger_rate": 0.0,
      "rung1_expansion_rate": 1.0,
      "boundary_check_triggers": 548,
      "score_consistency_violations": 0,
      "ranking_consistency_fire_rate": 0.009073893229166666,
      "e_key_mean": 0.5958776300681671,
      "e_key_max": 10.693921089172363,
      "e_val_mean": 0.028255287883136287,
      "e_val_max": 0.04999986290931702,
      "value_fallback_blocks": 123622,
      "h2d_bytes_per_step": 1208563280.0,
      "h2d_total_bytes": 77348049920,
      "fp16_cache_hit_rate": 0.21275233663086843,
      "fp16_cache_total_hits": 529074,
      "fp16_cache_total_misses": 1957733,
      "fp16_value_cache_hit_rate": null,
      "fp16_value_cache_total_hits": 0,
      "fp16_value_cache_total_misses": 0
    }
  },
  "certified_vs_dense_decode_speed": null,
  "quality_window": null
}