{
  "benchmark": "decode_speed_compare",
  "model": "NousResearch/Meta-Llama-3.1-8B",
  "mode": "certified",
  "context_length": 65536,
  "prefix_len": 32768,
  "chunk_tokens": 65536,
  "chunk_index": 0,
  "book_idx": 1,
  "warmup_steps": 8,
  "measure_steps": 64,
  "measured_token_start": 32776,
  "measured_token_end_exclusive": 32840,
  "cache_config": {
    "v_tolerance": 0.05,
    "quantization_mode": "asymmetric_int8_keys+int4_g16_values",
    "asymmetric_keys": true,
    "use_int4_values": true,
    "group_size": 16,
    "score_consistency_check": false,
    "tau_cov": 0.995,
    "k_min": 2,
    "k_max": 128,
    "ranking_fallback": true,
    "ranking_r": 1,
    "ranking_fallback_mode": "full",
    "fp16_key_cache_blocks": 512,
    "fp16_value_cache_blocks": 512,
    "eps_guard": 0.01,
    "exploration_rate": 0.02,
    "rung1_threshold": 0.02,
    "rung1_multiplier": 2.0,
    "attention_backend": "native_blackwell",
    "static_resident_cache": "1",
    "splitk_blocks_per_split": "auto_native_32_24_16",
    "cuda_graph_decode": false,
    "runtime_profile": "0",
    "code_sha": "427bf2c9738d8976834bedc9799c1ec44ab4a2cc-dirty",
    "dotcache_config_hash": "24804aa8da7004d3eac4f994dc8337a227d000b6c61717afac85a3168e66c4bb"
  },
  "dense": null,
  "certified": {
    "prefill_s": 3.018796865013428,
    "cache_build_s": 11.22721362998709,
    "cache_decode_budget": 32783,
    "cache_runtime": {
      "static_resident_key_cache": false,
      "static_resident_value_cache": false,
      "static_resident_key_prepare_bytes": 0,
      "static_resident_value_prepare_bytes": 0,
      "vram_fp16_key_cache_bytes": 536870912,
      "vram_fp16_value_cache_bytes": 536870912
    },
    "decode_s": 80.74988666293211,
    "decode_steps": 64,
    "decode_tok_s": 0.7925707718594103,
    "decode_ms_per_token": 1261.7169791083143,
    "decode_step_ms": [
      1294.4608154296875,
      1166.332763671875,
      993.2919311523438,
      1233.7271728515625,
      1053.2911376953125,
      946.5576171875,
      1396.728515625,
      1289.3006591796875,
      1230.715576171875,
      1245.556396484375,
      1263.1241455078125,
      1139.05224609375,
      1397.999267578125,
      1329.4117431640625,
      1559.2137451171875,
      1082.0389404296875,
      1417.0281982421875,
      1120.2935791015625,
      1424.7379150390625,
      913.46728515625,
      1559.5455322265625,
      1210.7158203125,
      1165.244140625,
      1328.1767578125,
      1125.193359375,
      1267.082275390625,
      1174.1964111328125,
      1149.155029296875,
      1402.7650146484375,
      1570.9365234375,
      1460.4775390625,
      1166.556884765625,
      1173.146240234375,
      1547.033447265625,
      1162.3983154296875,
      1187.970703125,
      1310.62548828125,
      1052.4566650390625,
      1296.0570068359375,
      1559.92333984375,
      1073.034912109375,
      1670.4359130859375,
      1397.5196533203125,
      1029.3634033203125,
      1142.9569091796875,
      1014.599365234375,
      1455.5819091796875,
      891.111083984375,
      1140.987548828125,
      1241.7020263671875,
      891.23193359375,
      998.4357299804688,
      1140.25537109375,
      937.0435791015625,
      1046.557373046875,
      1526.0576171875,
      1391.7396240234375,
      1627.8104248046875,
      1426.246337890625,
      1505.251953125,
      1718.8358154296875,
      1391.74462890625,
      1588.093017578125,
      1137.6826171875
    ],
    "decode_step_ms_stats": {
      "mean": 1261.7228889465332,
      "std": 205.92945283515022,
      "n": 64
    },
    "nll": 217.99560546875,
    "perplexity": 30.149891830316175,
    "runtime_profile": {
      "model_forward_ms_total": 80749.88666293211,
      "qkv_projection_ms_total": 0.0,
      "append_runtime_ms_total": 0.0,
      "decode_runtime_ms_total": 0.0,
      "output_projection_ms_total": 0.0,
      "other_overhead_ms_total": 80749.88666293211,
      "per_layer": []
    },
    "phase_timings_ms": {},
    "native_profile": null,
    "telemetry": {
      "n_steps": 64,
      "int8_tail_fraction": 0.8751827714734756,
      "k_star_mean": 218.31055535210504,
      "k_star_max": 256,
      "rung1_trigger_rate": 1.0,
      "rung2_trigger_rate": 1.0,
      "rung3_trigger_rate": 1.0,
      "rung4_trigger_rate": 0.0,
      "rung1_expansion_rate": 1.0,
      "boundary_check_triggers": 570,
      "score_consistency_violations": 0,
      "ranking_consistency_fire_rate": 0.009114583333333334,
      "e_key_mean": 0.5992734839621536,
      "e_key_max": 10.704096794128418,
      "e_val_mean": 0.0282898218386486,
      "e_val_max": 0.049999941140413284,
      "value_fallback_blocks": 123906,
      "h2d_bytes_per_step": 1482112632.0,
      "h2d_total_bytes": 94855208448,
      "fp16_cache_hit_rate": 0.0,
      "fp16_cache_total_hits": 0,
      "fp16_cache_total_misses": 2488455,
      "fp16_value_cache_hit_rate": null,
      "fp16_value_cache_total_hits": 0,
      "fp16_value_cache_total_misses": 0
    }
  },
  "certified_vs_dense_decode_speed": null,
  "quality_window": null
}