{
  "benchmark": "decode_speed_compare",
  "model": "NousResearch/Meta-Llama-3.1-8B",
  "mode": "certified",
  "context_length": 65536,
  "prefix_len": 32768,
  "chunk_tokens": 65536,
  "chunk_index": 0,
  "book_idx": 1,
  "warmup_steps": 8,
  "measure_steps": 64,
  "measured_token_start": 32776,
  "measured_token_end_exclusive": 32840,
  "cache_config": {
    "v_tolerance": 0.05,
    "quantization_mode": "asymmetric_int8_keys+int4_g16_values",
    "asymmetric_keys": true,
    "use_int4_values": true,
    "group_size": 16,
    "score_consistency_check": false,
    "tau_cov": 0.995,
    "k_min": 2,
    "k_max": 128,
    "ranking_fallback": true,
    "ranking_r": 1,
    "ranking_fallback_mode": "full",
    "fp16_key_cache_blocks": 64,
    "fp16_value_cache_blocks": 64,
    "eps_guard": 0.01,
    "exploration_rate": 0.02,
    "rung1_threshold": 0.02,
    "rung1_multiplier": 2.0,
    "attention_backend": "native_blackwell",
    "static_resident_cache": "1",
    "splitk_blocks_per_split": "auto_native_32_24_16",
    "cuda_graph_decode": false,
    "runtime_profile": "0",
    "code_sha": "427bf2c9738d8976834bedc9799c1ec44ab4a2cc-dirty",
    "dotcache_config_hash": "bed85f33a8fc3515f8cadd7f4254fd95edc5862d9e9f26ac99407aa443d2b618"
  },
  "dense": null,
  "certified": {
    "prefill_s": 2.9887588639976457,
    "cache_build_s": 10.899446744006127,
    "cache_decode_budget": 32783,
    "cache_runtime": {
      "static_resident_key_cache": false,
      "static_resident_value_cache": false,
      "static_resident_key_prepare_bytes": 0,
      "static_resident_value_prepare_bytes": 0,
      "vram_fp16_key_cache_bytes": 67108864,
      "vram_fp16_value_cache_bytes": 67108864
    },
    "decode_s": 124.63484138494823,
    "decode_steps": 64,
    "decode_tok_s": 0.5135000718003809,
    "decode_ms_per_token": 1947.4193966398161,
    "decode_step_ms": [
      1958.27099609375,
      1841.2723388671875,
      1533.2471923828125,
      2125.9853515625,
      1481.740966796875,
      1951.717041015625,
      1611.8841552734375,
      1747.100341796875,
      2345.338623046875,
      1885.7203369140625,
      2129.78955078125,
      1976.53369140625,
      2002.2708740234375,
      3299.17919921875,
      1851.543212890625,
      1722.3380126953125,
      1500.96240234375,
      2021.22412109375,
      1761.3953857421875,
      1601.7271728515625,
      1378.2227783203125,
      2343.413330078125,
      1616.29150390625,
      2343.0185546875,
      2253.998291015625,
      1935.5203857421875,
      2305.84912109375,
      2299.851318359375,
      1849.2822265625,
      2030.99609375,
      2239.221435546875,
      1726.8660888671875,
      1527.347900390625,
      1665.107666015625,
      1492.9630126953125,
      2005.96533203125,
      2014.325439453125,
      1873.8736572265625,
      1963.2467041015625,
      1867.871337890625,
      1926.683349609375,
      2625.022705078125,
      1911.24853515625,
      2331.330322265625,
      1856.8270263671875,
      2424.61767578125,
      1690.257080078125,
      1729.1455078125,
      1608.1466064453125,
      1963.196044921875,
      1350.6065673828125,
      1575.12255859375,
      1374.369384765625,
      1277.5921630859375,
      1622.885009765625,
      2346.36767578125,
      2640.486083984375,
      2541.0146484375,
      2351.62890625,
      2456.961669921875,
      2555.876953125,
      1968.1265869140625,
      1814.906494140625,
      1610.81103515625
    ],
    "decode_step_ms_stats": {
      "mean": 1947.4328708648682,
      "std": 377.55946020069973,
      "n": 64
    },
    "nll": 215.73046875,
    "perplexity": 29.10146667816193,
    "runtime_profile": {
      "model_forward_ms_total": 124634.84138494823,
      "qkv_projection_ms_total": 0.0,
      "append_runtime_ms_total": 0.0,
      "decode_runtime_ms_total": 0.0,
      "output_projection_ms_total": 0.0,
      "other_overhead_ms_total": 124634.84138494823,
      "per_layer": []
    },
    "phase_timings_ms": {},
    "native_profile": null,
    "telemetry": {
      "n_steps": 64,
      "int8_tail_fraction": 0.8751453772302683,
      "k_star_mean": 218.40640767415366,
      "k_star_max": 256,
      "rung1_trigger_rate": 1.0,
      "rung2_trigger_rate": 1.0,
      "rung3_trigger_rate": 1.0,
      "rung4_trigger_rate": 0.0,
      "rung1_expansion_rate": 1.0,
      "boundary_check_triggers": 553,
      "score_consistency_violations": 0,
      "ranking_consistency_fire_rate": 0.009019639756944444,
      "e_key_mean": 0.597690496470831,
      "e_key_max": 10.64854907989502,
      "e_val_mean": 0.028243455587901027,
      "e_val_max": 0.0499999076128006,
      "value_fallback_blocks": 123274,
      "h2d_bytes_per_step": 1480077192.0,
      "h2d_total_bytes": 94724940288,
      "fp16_cache_hit_rate": 0.0,
      "fp16_cache_total_hits": 0,
      "fp16_cache_total_misses": 2488842,
      "fp16_value_cache_hit_rate": null,
      "fp16_value_cache_total_hits": 0,
      "fp16_value_cache_total_misses": 0
    }
  },
  "certified_vs_dense_decode_speed": null,
  "quality_window": null
}