{
  "benchmark": "decode_speed_compare",
  "model": "NousResearch/Meta-Llama-3.1-8B",
  "mode": "certified",
  "context_length": 65536,
  "prefix_len": 32768,
  "chunk_tokens": 65536,
  "chunk_index": 0,
  "book_idx": 1,
  "warmup_steps": 8,
  "measure_steps": 64,
  "measured_token_start": 32776,
  "measured_token_end_exclusive": 32840,
  "cache_config": {
    "v_tolerance": 0.05,
    "quantization_mode": "asymmetric_int8_keys+int4_g16_values",
    "asymmetric_keys": true,
    "use_int4_values": true,
    "group_size": 16,
    "score_consistency_check": false,
    "tau_cov": 0.995,
    "k_min": 2,
    "k_max": 128,
    "ranking_fallback": true,
    "ranking_r": 1,
    "ranking_fallback_mode": "full",
    "fp16_key_cache_blocks": 256,
    "fp16_value_cache_blocks": 256,
    "eps_guard": 0.01,
    "exploration_rate": 0.02,
    "rung1_threshold": 0.02,
    "rung1_multiplier": 2.0,
    "attention_backend": "native_blackwell",
    "static_resident_cache": "1",
    "splitk_blocks_per_split": "auto_native_32_24_16",
    "cuda_graph_decode": false,
    "runtime_profile": "0",
    "code_sha": "427bf2c9738d8976834bedc9799c1ec44ab4a2cc-dirty",
    "dotcache_config_hash": "6a3d8adb6a787a89ed419da1e4dd2821e6e5b637c10440abe00ace45bf84f320"
  },
  "dense": null,
  "certified": {
    "prefill_s": 3.0168424100847915,
    "cache_build_s": 10.88231671997346,
    "cache_decode_budget": 32783,
    "cache_runtime": {
      "static_resident_key_cache": false,
      "static_resident_value_cache": false,
      "static_resident_key_prepare_bytes": 0,
      "static_resident_value_prepare_bytes": 0,
      "vram_fp16_key_cache_bytes": 268435456,
      "vram_fp16_value_cache_bytes": 268435456
    },
    "decode_s": 95.04256525496021,
    "decode_steps": 64,
    "decode_tok_s": 0.6733824979188457,
    "decode_ms_per_token": 1485.0400821087533,
    "decode_step_ms": [
      1732.2608642578125,
      1144.9346923828125,
      1524.143798828125,
      1557.124755859375,
      917.160888671875,
      1379.8365478515625,
      1259.9483642578125,
      1376.2362060546875,
      1870.7073974609375,
      1464.755859375,
      1034.8018798828125,
      1246.77294921875,
      1380.876953125,
      1425.8797607421875,
      1695.5203857421875,
      1238.2449951171875,
      1745.087158203125,
      1825.7691650390625,
      1195.80224609375,
      1251.591796875,
      1022.9326171875,
      1075.132080078125,
      1486.2353515625,
      1890.615966796875,
      1327.3494873046875,
      1464.351318359375,
      1380.08642578125,
      1595.3138427734375,
      1487.59521484375,
      1524.6046142578125,
      1984.7830810546875,
      1403.83935546875,
      1511.864013671875,
      1450.8089599609375,
      1395.6307373046875,
      1298.0538330078125,
      1445.8231201171875,
      1403.1939697265625,
      1443.964599609375,
      2120.4169921875,
      1609.724609375,
      1754.0860595703125,
      1254.2030029296875,
      1698.7655029296875,
      1132.1708984375,
      1369.9293212890625,
      1223.7093505859375,
      1042.4306640625,
      1064.897216796875,
      1429.872314453125,
      1296.3426513671875,
      868.249267578125,
      1025.9871826171875,
      1363.302001953125,
      1369.80029296875,
      1859.048095703125,
      2276.574951171875,
      1613.745849609375,
      2346.439208984375,
      2138.4833984375,
      2519.283447265625,
      1813.2169189453125,
      1749.619384765625,
      1243.1920166015625
    ],
    "decode_step_ms_stats": {
      "mean": 1485.0488414764404,
      "std": 340.5344797496485,
      "n": 64
    },
    "nll": 217.6122283935547,
    "perplexity": 29.969825794508285,
    "runtime_profile": {
      "model_forward_ms_total": 95042.56525496021,
      "qkv_projection_ms_total": 0.0,
      "append_runtime_ms_total": 0.0,
      "decode_runtime_ms_total": 0.0,
      "output_projection_ms_total": 0.0,
      "other_overhead_ms_total": 95042.56525496021,
      "per_layer": []
    },
    "phase_timings_ms": {},
    "native_profile": null,
    "telemetry": {
      "n_steps": 64,
      "int8_tail_fraction": 0.8752297622937775,
      "k_star_mean": 218.23185051812067,
      "k_star_max": 256,
      "rung1_trigger_rate": 1.0,
      "rung2_trigger_rate": 1.0,
      "rung3_trigger_rate": 1.0,
      "rung4_trigger_rate": 0.0,
      "rung1_expansion_rate": 1.0,
      "boundary_check_triggers": 552,
      "score_consistency_violations": 0,
      "ranking_consistency_fire_rate": 0.008938259548611112,
      "e_key_mean": 0.5995023476027401,
      "e_key_max": 10.582938194274902,
      "e_val_mean": 0.028284745828866815,
      "e_val_max": 0.049999915063381195,
      "value_fallback_blocks": 123746,
      "h2d_bytes_per_step": 1480175160.0,
      "h2d_total_bytes": 94731210240,
      "fp16_cache_hit_rate": 0.0,
      "fp16_cache_total_hits": 0,
      "fp16_cache_total_misses": 2488424,
      "fp16_value_cache_hit_rate": null,
      "fp16_value_cache_total_hits": 0,
      "fp16_value_cache_total_misses": 0
    }
  },
  "certified_vs_dense_decode_speed": null,
  "quality_window": null
}