{
  "heatmaps": {
    "dense": {
      "4K_d0.0": 1.0,
      "4K_d0.1": 0.6666666666666666,
      "4K_d0.2": 0.6666666666666666,
      "4K_d0.3": 0.6666666666666666,
      "4K_d0.4": 1.0,
      "4K_d0.5": 0.6666666666666666,
      "4K_d0.6": 0.6666666666666666,
      "4K_d0.7": 1.0,
      "4K_d0.8": 1.0,
      "4K_d0.9": 1.0
    },
    "certified": {
      "4K_d0.0": 1.0,
      "4K_d0.1": 0.6666666666666666,
      "4K_d0.2": 0.6666666666666666,
      "4K_d0.3": 0.6666666666666666,
      "4K_d0.4": 0.6666666666666666,
      "4K_d0.5": 0.6666666666666666,
      "4K_d0.6": 1.0,
      "4K_d0.7": 1.0,
      "4K_d0.8": 1.0,
      "4K_d0.9": 1.0
    }
  },
  "dense_accuracy": 0.8333333333333334,
  "certified_accuracy": 0.8333333333333334,
  "critical_failures": 1
}