{
  "heatmaps": {
    "dense": {
      "4K_d0.0": 1.0,
      "4K_d0.1": 0.6666666666666666,
      "4K_d0.2": 0.6666666666666666,
      "4K_d0.3": 0.6666666666666666,
      "4K_d0.4": 1.0,
      "4K_d0.5": 0.6666666666666666,
      "4K_d0.6": 0.6666666666666666,
      "4K_d0.7": 1.0,
      "4K_d0.8": 1.0,
      "4K_d0.9": 1.0
    },
    "certified": {
      "4K_d0.0": 1.0,
      "4K_d0.1": 0.6666666666666666,
      "4K_d0.2": 0.6666666666666666,
      "4K_d0.3": 0.6666666666666666,
      "4K_d0.4": 0.6666666666666666,
      "4K_d0.5": 0.6666666666666666,
      "4K_d0.6": 0.6666666666666666,
      "4K_d0.7": 1.0,
      "4K_d0.8": 0.6666666666666666,
      "4K_d0.9": 1.0
    }
  },
  "dense_accuracy": 0.8333333333333334,
  "certified_accuracy": 0.7666666666666667,
  "critical_failures": 3,
  "ranking_fallback_summary": {
    "mode": "full",
    "r": 1,
    "heads_total": 1309696,
    "disagree_r1": 1665,
    "disagree_r3": 33671,
    "triggered": 1665,
    "disagree_rate_r1": 0.0012712873827208757,
    "disagree_rate_r3": 0.025709019497654417,
    "fallback_rate": 0.0012712873827208757
  }
}