{
  "heatmaps": {
    "dense": {
      "8K_d0.0": 0.6666666666666666,
      "8K_d0.1": 0.6666666666666666,
      "8K_d0.2": 1.0,
      "8K_d0.3": 1.0,
      "8K_d0.4": 1.0,
      "8K_d0.5": 1.0,
      "8K_d0.6": 1.0,
      "8K_d0.7": 1.0,
      "8K_d0.8": 1.0,
      "8K_d0.9": 1.0
    },
    "certified": {
      "8K_d0.0": 1.0,
      "8K_d0.1": 0.6666666666666666,
      "8K_d0.2": 1.0,
      "8K_d0.3": 1.0,
      "8K_d0.4": 1.0,
      "8K_d0.5": 1.0,
      "8K_d0.6": 0.6666666666666666,
      "8K_d0.7": 1.0,
      "8K_d0.8": 1.0,
      "8K_d0.9": 1.0
    }
  },
  "dense_accuracy": 0.9333333333333333,
  "certified_accuracy": 0.9333333333333333,
  "critical_failures": 2
}