{
  "benchmark": "pg19_perplexity",
  "model": "NousResearch/Meta-Llama-3.1-8B",
  "context_length": 8192,
  "num_chunks": 5,
  "eval_start_frac": 0.5,
  "concentration_threshold": 0.0,
  "default_epsilon_override": null,
  "top_k_override": null,
  "dense": {
    "perplexity": 6.648349888436462,
    "total_nll": 77583.8695678711,
    "total_tokens": 40955
  },
  "certified": {
    "perplexity": 6.6513820755708295,
    "total_nll": 77593.06999026016,
    "total_tokens": 40950,
    "skip_rate": 0.5418862322055228,
    "skipped_blocks": 4368105902,
    "total_blocks": 8060928000,
    "decode_steps": 20475
  },
  "ratio": 1.0004560811607768,
  "delta": 0.003032187134367703
}