{
  "heatmaps": {
    "dense": {
      "8K_d0.0": 0.6666666666666666,
      "8K_d0.1": 0.6666666666666666,
      "8K_d0.2": 1.0,
      "8K_d0.3": 1.0,
      "8K_d0.4": 1.0,
      "8K_d0.5": 1.0,
      "8K_d0.6": 1.0,
      "8K_d0.7": 1.0,
      "8K_d0.8": 1.0,
      "8K_d0.9": 1.0
    },
    "certified": {
      "8K_d0.0": 0.6666666666666666,
      "8K_d0.1": 1.0,
      "8K_d0.2": 1.0,
      "8K_d0.3": 1.0,
      "8K_d0.4": 0.6666666666666666,
      "8K_d0.5": 0.6666666666666666,
      "8K_d0.6": 0.6666666666666666,
      "8K_d0.7": 1.0,
      "8K_d0.8": 1.0,
      "8K_d0.9": 1.0
    }
  },
  "dense_accuracy": 0.9333333333333333,
  "certified_accuracy": 0.8666666666666667,
  "critical_failures": 3,
  "ranking_fallback_summary": {
    "mode": "full",
    "r": 1,
    "heads_total": 1283072,
    "disagree_r1": 1477,
    "disagree_r3": 32698,
    "triggered": 1477,
    "disagree_rate_r1": 0.0011511435055865922,
    "disagree_rate_r3": 0.025484150538707104,
    "fallback_rate": 0.0011511435055865922
  }
}