{
  "heatmaps": {
    "dense": {
      "16K_d0.0": 1.0,
      "16K_d0.1": 0.6666666666666666,
      "16K_d0.2": 0.6666666666666666,
      "16K_d0.3": 0.6666666666666666,
      "16K_d0.4": 0.3333333333333333,
      "16K_d0.5": 0.6666666666666666,
      "16K_d0.6": 1.0,
      "16K_d0.7": 0.6666666666666666,
      "16K_d0.8": 0.3333333333333333,
      "16K_d0.9": 1.0
    },
    "certified": {
      "16K_d0.0": 0.6666666666666666,
      "16K_d0.1": 0.3333333333333333,
      "16K_d0.2": 0.6666666666666666,
      "16K_d0.3": 0.6666666666666666,
      "16K_d0.4": 0.6666666666666666,
      "16K_d0.5": 0.6666666666666666,
      "16K_d0.6": 0.6666666666666666,
      "16K_d0.7": 0.6666666666666666,
      "16K_d0.8": 0.3333333333333333,
      "16K_d0.9": 0.6666666666666666
    }
  },
  "dense_accuracy": 0.7,
  "certified_accuracy": 0.6,
  "critical_failures": 4
}