{
  "benchmark": "pg19_perplexity",
  "model": "NousResearch/Meta-Llama-3.1-8B",
  "context_length": 16384,
  "num_chunks": 5,
  "eval_start_frac": 0.5,
  "concentration_threshold": 0.0,
  "default_epsilon_override": null,
  "top_k_override": null,
  "dense": {
    "perplexity": 9.724702934168429,
    "total_nll": 186329.5391845703,
    "total_tokens": 81915
  },
  "certified": {
    "perplexity": 9.726422056275139,
    "total_nll": 186332.64451630958,
    "total_tokens": 81910,
    "skip_rate": 0.7203425889133883,
    "skipped_blocks": 23215188969,
    "total_blocks": 32227983360,
    "decode_steps": 40955
  },
  "ratio": 1.0001767788814062,
  "delta": 0.0017191221067101026
}