{
  "heatmaps": {
    "dense": {
      "16K_d0.0": 1.0,
      "16K_d0.1": 0.6666666666666666,
      "16K_d0.2": 0.6666666666666666,
      "16K_d0.3": 0.6666666666666666,
      "16K_d0.4": 0.3333333333333333,
      "16K_d0.5": 0.6666666666666666,
      "16K_d0.6": 1.0,
      "16K_d0.7": 0.6666666666666666,
      "16K_d0.8": 0.3333333333333333,
      "16K_d0.9": 1.0
    },
    "certified": {
      "16K_d0.0": 0.6666666666666666,
      "16K_d0.1": 0.3333333333333333,
      "16K_d0.2": 1.0,
      "16K_d0.3": 0.6666666666666666,
      "16K_d0.4": 0.6666666666666666,
      "16K_d0.5": 0.6666666666666666,
      "16K_d0.6": 1.0,
      "16K_d0.7": 0.6666666666666666,
      "16K_d0.8": 0.6666666666666666,
      "16K_d0.9": 1.0
    }
  },
  "dense_accuracy": 0.7,
  "certified_accuracy": 0.7333333333333333,
  "critical_failures": 2,
  "ranking_fallback_summary": {
    "mode": "full",
    "r": 1,
    "heads_total": 1344512,
    "disagree_r1": 1616,
    "disagree_r3": 33878,
    "triggered": 1616,
    "disagree_rate_r1": 0.001201923076923077,
    "disagree_rate_r3": 0.025197246287128713,
    "fallback_rate": 0.001201923076923077
  }
}