{
  "benchmark": "pg19_perplexity",
  "model": "NousResearch/Meta-Llama-3.1-8B",
  "context_length": 32768,
  "num_chunks": 5,
  "eval_start_frac": 0.5,
  "concentration_threshold": 0.0,
  "default_epsilon_override": null,
  "top_k_override": null,
  "dense": {
    "perplexity": 11.04812015351047,
    "total_nll": 393574.3148803711,
    "total_tokens": 163835
  },
  "certified": {
    "perplexity": 11.04391306273114,
    "total_nll": 393499.9057286143,
    "total_tokens": 163830,
    "skip_rate": 0.8410682472838561,
    "skipped_blocks": 108397276193,
    "total_blocks": 128880476160,
    "decode_steps": 81915
  },
  "ratio": 0.9996192030208874,
  "delta": -0.004207090779329903
}