{
  "heatmaps": {
    "dense": {
      "32K_d0.0": 0.6666666666666666,
      "32K_d0.1": 0.6666666666666666,
      "32K_d0.2": 0.6666666666666666,
      "32K_d0.3": 1.0,
      "32K_d0.4": 0.6666666666666666,
      "32K_d0.5": 0.6666666666666666,
      "32K_d0.6": 0.6666666666666666,
      "32K_d0.7": 0.3333333333333333,
      "32K_d0.8": 1.0,
      "32K_d0.9": 0.6666666666666666
    },
    "certified": {
      "32K_d0.0": 0.6666666666666666,
      "32K_d0.1": 0.6666666666666666,
      "32K_d0.2": 0.6666666666666666,
      "32K_d0.3": 1.0,
      "32K_d0.4": 0.6666666666666666,
      "32K_d0.5": 0.6666666666666666,
      "32K_d0.6": 0.6666666666666666,
      "32K_d0.7": 0.6666666666666666,
      "32K_d0.8": 0.6666666666666666,
      "32K_d0.9": 0.6666666666666666
    }
  },
  "dense_accuracy": 0.7,
  "certified_accuracy": 0.7,
  "critical_failures": 1,
  "ranking_fallback_summary": {
    "mode": "full",
    "r": 1,
    "heads_total": 1034240,
    "disagree_r1": 1298,
    "disagree_r3": 23067,
    "triggered": 1298,
    "disagree_rate_r1": 0.0012550278465346535,
    "disagree_rate_r3": 0.022303333849009902,
    "fallback_rate": 0.0012550278465346535
  }
}