{
  "benchmark": "decode_speed_compare",
  "model": "NousResearch/Meta-Llama-3.1-8B",
  "mode": "certified",
  "context_length": 65536,
  "prefix_len": 32768,
  "chunk_tokens": 65536,
  "chunk_index": 0,
  "book_idx": 1,
  "warmup_steps": 8,
  "measure_steps": 64,
  "measured_token_start": 32776,
  "measured_token_end_exclusive": 32840,
  "cache_config": {
    "v_tolerance": 0.05,
    "quantization_mode": "asymmetric_int8_keys+int4_g16_values",
    "asymmetric_keys": true,
    "use_int4_values": true,
    "group_size": 16,
    "score_consistency_check": false,
    "tau_cov": 0.995,
    "k_min": 2,
    "k_max": 128,
    "ranking_fallback": true,
    "ranking_r": 1,
    "ranking_fallback_mode": "full",
    "fp16_key_cache_blocks": 1536,
    "fp16_value_cache_blocks": 1536,
    "eps_guard": 0.01,
    "exploration_rate": 0.02,
    "rung1_threshold": 0.02,
    "rung1_multiplier": 2.0,
    "attention_backend": "native_blackwell",
    "static_resident_cache": "1",
    "splitk_blocks_per_split": "auto_native_32_24_16",
    "cuda_graph_decode": false,
    "runtime_profile": "0",
    "code_sha": "0e0d8154a6bcfa6c88f355c177d125b66510a7de-dirty",
    "dotcache_config_hash": "8df49f81962888af6c08f60f14e5fbfc499d39e3a807f0ec3b46f7f05afe5bbc"
  },
  "dense": null,
  "certified": {
    "prefill_s": 3.0036455200752243,
    "cache_build_s": 11.000585453934036,
    "cache_decode_budget": 32783,
    "cache_runtime": {
      "static_resident_key_cache": false,
      "static_resident_value_cache": false,
      "static_resident_key_prepare_bytes": 0,
      "static_resident_value_prepare_bytes": 0,
      "vram_fp16_key_cache_bytes": 1610612736,
      "vram_fp16_value_cache_bytes": 1610612736
    },
    "decode_s": 16.758360142004676,
    "decode_steps": 64,
    "decode_tok_s": 3.8189894152939576,
    "decode_ms_per_token": 261.84937721882307,
    "decode_step_ms": [
      262.3871154785156,
      255.24581909179688,
      251.32205200195312,
      252.22207641601562,
      250.77725219726562,
      251.38243103027344,
      255.5408935546875,
      382.6643981933594,
      245.13194274902344,
      242.99586486816406,
      255.32278442382812,
      253.0515594482422,
      255.26031494140625,
      259.58978271484375,
      252.77711486816406,
      250.6543731689453,
      243.87344360351562,
      255.43746948242188,
      254.72274780273438,
      253.11807250976562,
      250.057373046875,
      260.0331726074219,
      250.5826873779297,
      373.8805236816406,
      259.2917785644531,
      249.2043914794922,
      252.78326416015625,
      257.1065979003906,
      266.50689697265625,
      262.86151123046875,
      265.0794372558594,
      258.2483215332031,
      255.70416259765625,
      256.0452880859375,
      247.28028869628906,
      257.6810607910156,
      253.0443878173828,
      251.11619567871094,
      257.7599182128906,
      380.5057678222656,
      256.9653015136719,
      253.37306213378906,
      265.3641357421875,
      252.91331481933594,
      251.638427734375,
      252.62559509277344,
      247.34579467773438,
      253.57174682617188,
      254.64285278320312,
      263.664306640625,
      252.96572875976562,
      249.65802001953125,
      254.18307495117188,
      255.32691955566406,
      250.69529724121094,
      373.0223693847656,
      255.81942749023438,
      252.3736572265625,
      254.29776000976562,
      255.42825317382812,
      252.51394653320312,
      252.34498596191406,
      249.01907348632812,
      250.2703399658203
    ],
    "decode_step_ms_stats": {
      "mean": 261.84803009033203,
      "std": 30.251550171486144,
      "n": 64
    },
    "nll": 216.17417907714844,
    "perplexity": 29.303927402475523,
    "runtime_profile": {
      "model_forward_ms_total": 16758.360142004676,
      "qkv_projection_ms_total": 0.0,
      "append_runtime_ms_total": 0.0,
      "decode_runtime_ms_total": 0.0,
      "output_projection_ms_total": 0.0,
      "other_overhead_ms_total": 16758.360142004676,
      "per_layer": []
    },
    "phase_timings_ms": {},
    "native_profile": null,
    "telemetry": {
      "n_steps": 64,
      "int8_tail_fraction": 0.8752250069947208,
      "k_star_mean": 218.22734578450522,
      "k_star_max": 256,
      "rung1_trigger_rate": 1.0,
      "rung2_trigger_rate": 1.0,
      "rung3_trigger_rate": 1.0,
      "rung4_trigger_rate": 0.0,
      "rung1_expansion_rate": 1.0,
      "boundary_check_triggers": 557,
      "score_consistency_violations": 0,
      "ranking_consistency_fire_rate": 0.00927734375,
      "e_key_mean": 0.5995805158872827,
      "e_key_max": 10.829591751098633,
      "e_val_mean": 0.028297628178835212,
      "e_val_max": 0.049999985843896866,
      "value_fallback_blocks": 124342,
      "h2d_bytes_per_step": 294672968.0,
      "h2d_total_bytes": 18859069952,
      "fp16_cache_hit_rate": 0.9341948416442767,
      "fp16_cache_total_hits": 2323663,
      "fp16_cache_total_misses": 163680,
      "fp16_value_cache_hit_rate": null,
      "fp16_value_cache_total_hits": 0,
      "fp16_value_cache_total_misses": 0
    }
  },
  "certified_vs_dense_decode_speed": null,
  "quality_window": null
}