{
  "benchmark": "decode_speed_compare",
  "model": "NousResearch/Meta-Llama-3.1-8B",
  "mode": "certified",
  "context_length": 65536,
  "prefix_len": 32768,
  "chunk_tokens": 65536,
  "chunk_index": 0,
  "book_idx": 1,
  "warmup_steps": 8,
  "measure_steps": 64,
  "measured_token_start": 32776,
  "measured_token_end_exclusive": 32840,
  "cache_config": {
    "v_tolerance": 0.05,
    "quantization_mode": "asymmetric_int8_keys+int4_g16_values",
    "asymmetric_keys": true,
    "use_int4_values": true,
    "group_size": 16,
    "score_consistency_check": false,
    "tau_cov": 0.995,
    "k_min": 2,
    "k_max": 128,
    "ranking_fallback": true,
    "ranking_r": 1,
    "ranking_fallback_mode": "full",
    "fp16_key_cache_blocks": 1920,
    "fp16_value_cache_blocks": 1920,
    "eps_guard": 0.01,
    "exploration_rate": 0.02,
    "rung1_threshold": 0.02,
    "rung1_multiplier": 2.0,
    "attention_backend": "native_blackwell",
    "static_resident_cache": "1",
    "splitk_blocks_per_split": "auto_native_32_24_16",
    "cuda_graph_decode": false,
    "runtime_profile": "0",
    "code_sha": "0e0d8154a6bcfa6c88f355c177d125b66510a7de-dirty",
    "dotcache_config_hash": "a5351bcb44f16984c881740a5adc93fbfe1f6c557ca8cb091cfb780c5fa796f5"
  },
  "dense": null,
  "certified": {
    "prefill_s": 3.0459855939261615,
    "cache_build_s": 10.578443441074342,
    "cache_decode_budget": 32783,
    "cache_runtime": {
      "static_resident_key_cache": false,
      "static_resident_value_cache": false,
      "static_resident_key_prepare_bytes": 0,
      "static_resident_value_prepare_bytes": 0,
      "vram_fp16_key_cache_bytes": 2013265920,
      "vram_fp16_value_cache_bytes": 2013265920
    },
    "decode_s": 16.539792075986043,
    "decode_steps": 64,
    "decode_tok_s": 3.869456139833883,
    "decode_ms_per_token": 258.4342511872819,
    "decode_step_ms": [
      255.4833526611328,
      250.15000915527344,
      251.0629425048828,
      253.36181640625,
      254.27731323242188,
      252.4586181640625,
      249.740966796875,
      371.4853515625,
      242.37635803222656,
      242.3507537841797,
      254.262939453125,
      248.8900146484375,
      251.13052368164062,
      258.6047058105469,
      250.95849609375,
      245.4381103515625,
      239.23574829101562,
      246.8850555419922,
      249.53919982910156,
      246.91168212890625,
      250.11878967285156,
      255.42108154296875,
      248.96681213378906,
      365.0689697265625,
      253.48880004882812,
      247.33045959472656,
      250.43113708496094,
      257.2847595214844,
      262.8143615722656,
      253.93731689453125,
      255.63612365722656,
      249.60272216796875,
      248.99856567382812,
      251.45411682128906,
      244.30455017089844,
      258.5483703613281,
      248.55520629882812,
      247.9202880859375,
      253.74172973632812,
      373.4749755859375,
      253.4232635498047,
      250.7618865966797,
      259.41162109375,
      247.52911376953125,
      249.12042236328125,
      247.6530303955078,
      246.13548278808594,
      248.70367431640625,
      249.9529266357422,
      258.0589294433594,
      252.53952026367188,
      247.76361083984375,
      254.8916778564453,
      255.15280151367188,
      250.52435302734375,
      370.0681457519531,
      252.0510711669922,
      250.2795867919922,
      251.01072692871094,
      252.5149688720703,
      251.9272003173828,
      251.8924102783203,
      246.0688934326172,
      250.61952209472656
    ],
    "decode_step_ms_stats": {
      "mean": 258.43371772766113,
      "std": 29.122761087150234,
      "n": 64
    },
    "nll": 216.43052673339844,
    "perplexity": 29.421537677543895,
    "runtime_profile": {
      "model_forward_ms_total": 16539.792075986043,
      "qkv_projection_ms_total": 0.0,
      "append_runtime_ms_total": 0.0,
      "decode_runtime_ms_total": 0.0,
      "output_projection_ms_total": 0.0,
      "other_overhead_ms_total": 16539.792075986043,
      "per_layer": []
    },
    "phase_timings_ms": {},
    "native_profile": null,
    "telemetry": {
      "n_steps": 64,
      "int8_tail_fraction": 0.8751820968691587,
      "k_star_mean": 218.32974243164062,
      "k_star_max": 256,
      "rung1_trigger_rate": 1.0,
      "rung2_trigger_rate": 1.0,
      "rung3_trigger_rate": 1.0,
      "rung4_trigger_rate": 0.0,
      "rung1_expansion_rate": 1.0,
      "boundary_check_triggers": 556,
      "score_consistency_violations": 0,
      "ranking_consistency_fire_rate": 0.009060329861111112,
      "e_key_mean": 0.5995905255195895,
      "e_key_max": 10.83225154876709,
      "e_val_mean": 0.028264551885841784,
      "e_val_max": 0.04999982565641403,
      "value_fallback_blocks": 124018,
      "h2d_bytes_per_step": 242209480.0,
      "h2d_total_bytes": 15501406720,
      "fp16_cache_hit_rate": 0.9732468603224314,
      "fp16_cache_total_hits": 2424610,
      "fp16_cache_total_misses": 66649,
      "fp16_value_cache_hit_rate": null,
      "fp16_value_cache_total_hits": 0,
      "fp16_value_cache_total_misses": 0
    }
  },
  "certified_vs_dense_decode_speed": null,
  "quality_window": null
}