{
  "benchmark": "decode_speed_compare",
  "model": "NousResearch/Meta-Llama-3.1-8B",
  "mode": "certified",
  "context_length": 65536,
  "prefix_len": 32768,
  "chunk_tokens": 65536,
  "chunk_index": 0,
  "book_idx": 1,
  "warmup_steps": 8,
  "measure_steps": 64,
  "measured_token_start": 32776,
  "measured_token_end_exclusive": 32840,
  "cache_config": {
    "v_tolerance": 0.05,
    "quantization_mode": "asymmetric_int8_keys+int4_g16_values",
    "asymmetric_keys": true,
    "use_int4_values": true,
    "group_size": 16,
    "score_consistency_check": false,
    "tau_cov": 0.995,
    "k_min": 2,
    "k_max": 128,
    "ranking_fallback": true,
    "ranking_r": 1,
    "ranking_fallback_mode": "full",
    "fp16_key_cache_blocks": 1280,
    "fp16_value_cache_blocks": 1280,
    "eps_guard": 0.01,
    "exploration_rate": 0.02,
    "rung1_threshold": 0.02,
    "rung1_multiplier": 2.0,
    "attention_backend": "native_blackwell",
    "static_resident_cache": "1",
    "splitk_blocks_per_split": "auto_native_32_24_16",
    "cuda_graph_decode": false,
    "runtime_profile": "0",
    "code_sha": "0e0d8154a6bcfa6c88f355c177d125b66510a7de-dirty",
    "dotcache_config_hash": "bffdd1433c30ce30b1c8fd87dd2ff54d0fe390de17e309ea9ac44edbd9991739"
  },
  "dense": null,
  "certified": {
    "prefill_s": 2.992536550038494,
    "cache_build_s": 11.02277385594789,
    "cache_decode_budget": 32783,
    "cache_runtime": {
      "static_resident_key_cache": false,
      "static_resident_value_cache": false,
      "static_resident_key_prepare_bytes": 0,
      "static_resident_value_prepare_bytes": 0,
      "vram_fp16_key_cache_bytes": 1342177280,
      "vram_fp16_value_cache_bytes": 1342177280
    },
    "decode_s": 23.126645533018745,
    "decode_steps": 64,
    "decode_tok_s": 2.767370646496263,
    "decode_ms_per_token": 361.3538364534179,
    "decode_step_ms": [
      440.6272277832031,
      287.90594482421875,
      256.0447082519531,
      254.44009399414062,
      306.6313171386719,
      334.0806579589844,
      307.7915344238281,
      431.591064453125,
      245.3469696044922,
      271.10467529296875,
      282.2294006347656,
      254.31210327148438,
      423.3478698730469,
      797.8605346679688,
      335.7088317871094,
      256.3027648925781,
      385.1783142089844,
      902.9710083007812,
      545.8643798828125,
      258.9149475097656,
      313.2474060058594,
      698.1454467773438,
      259.31329345703125,
      481.05230712890625,
      366.44866943359375,
      253.20477294921875,
      286.2230224609375,
      257.4096984863281,
      322.71734619140625,
      714.457763671875,
      1241.9713134765625,
      291.2928466796875,
      256.7052307128906,
      391.3642272949219,
      254.7872314453125,
      395.42236328125,
      663.8045654296875,
      307.0245361328125,
      362.4649353027344,
      314.2652587890625,
      284.0654296875,
      608.0170288085938,
      299.37322998046875,
      260.86309814453125,
      255.13900756835938,
      254.49436950683594,
      250.2427215576172,
      253.74684143066406,
      259.3246154785156,
      270.2588195800781,
      254.8609619140625,
      252.070556640625,
      402.984619140625,
      306.3558654785156,
      396.0572509765625,
      285.9229736328125,
      256.8956604003906,
      255.6453399658203,
      258.4603271484375,
      286.4257507324219,
      398.19842529296875,
      260.2226257324219,
      252.77027893066406,
      254.6623077392578
    ],
    "decode_step_ms_stats": {
      "mean": 361.35366702079773,
      "std": 180.273328351336,
      "n": 64
    },
    "nll": 215.64820861816406,
    "perplexity": 29.064086167328554,
    "runtime_profile": {
      "model_forward_ms_total": 23126.645533018745,
      "qkv_projection_ms_total": 0.0,
      "append_runtime_ms_total": 0.0,
      "decode_runtime_ms_total": 0.0,
      "output_projection_ms_total": 0.0,
      "other_overhead_ms_total": 23126.645533018745,
      "per_layer": []
    },
    "phase_timings_ms": {},
    "native_profile": null,
    "telemetry": {
      "n_steps": 64,
      "int8_tail_fraction": 0.8752308932480732,
      "k_star_mean": 218.25010342068143,
      "k_star_max": 256,
      "rung1_trigger_rate": 1.0,
      "rung2_trigger_rate": 1.0,
      "rung3_trigger_rate": 1.0,
      "rung4_trigger_rate": 0.0,
      "rung1_expansion_rate": 1.0,
      "boundary_check_triggers": 563,
      "score_consistency_violations": 0,
      "ranking_consistency_fire_rate": 0.009318033854166666,
      "e_key_mean": 0.5978081145456398,
      "e_key_max": 10.61121654510498,
      "e_val_mean": 0.028252031290978467,
      "e_val_max": 0.04999995976686478,
      "value_fallback_blocks": 123841,
      "h2d_bytes_per_step": 489942016.0,
      "h2d_total_bytes": 31356289024,
      "fp16_cache_hit_rate": 0.7810595224599176,
      "fp16_cache_total_hits": 1942884,
      "fp16_cache_total_misses": 544614,
      "fp16_value_cache_hit_rate": null,
      "fp16_value_cache_total_hits": 0,
      "fp16_value_cache_total_misses": 0
    }
  },
  "certified_vs_dense_decode_speed": null,
  "quality_window": null
}