{
  "benchmark": "decode_speed_compare",
  "model": "NousResearch/Meta-Llama-3.1-8B",
  "mode": "certified",
  "context_length": 65536,
  "prefix_len": 32768,
  "chunk_tokens": 65536,
  "chunk_index": 0,
  "book_idx": 1,
  "warmup_steps": 8,
  "measure_steps": 64,
  "measured_token_start": 32776,
  "measured_token_end_exclusive": 32840,
  "cache_config": {
    "v_tolerance": 0.05,
    "quantization_mode": "asymmetric_int8_keys+int4_g16_values",
    "asymmetric_keys": true,
    "use_int4_values": true,
    "group_size": 16,
    "score_consistency_check": false,
    "tau_cov": 0.995,
    "k_min": 2,
    "k_max": 128,
    "ranking_fallback": true,
    "ranking_r": 1,
    "ranking_fallback_mode": "full",
    "fp16_key_cache_blocks": 1664,
    "fp16_value_cache_blocks": 1664,
    "eps_guard": 0.01,
    "exploration_rate": 0.02,
    "rung1_threshold": 0.02,
    "rung1_multiplier": 2.0,
    "attention_backend": "native_blackwell",
    "static_resident_cache": "1",
    "splitk_blocks_per_split": "auto_native_32_24_16",
    "cuda_graph_decode": false,
    "runtime_profile": "0",
    "code_sha": "0e0d8154a6bcfa6c88f355c177d125b66510a7de-dirty",
    "dotcache_config_hash": "ba472aef835b02cd9313d6d50f4c47354ace11720faaf2f59850f34c5d88d6e5"
  },
  "dense": null,
  "certified": {
    "prefill_s": 3.005835069110617,
    "cache_build_s": 11.2436266009463,
    "cache_decode_budget": 32783,
    "cache_runtime": {
      "static_resident_key_cache": false,
      "static_resident_value_cache": false,
      "static_resident_key_prepare_bytes": 0,
      "static_resident_value_prepare_bytes": 0,
      "vram_fp16_key_cache_bytes": 1744830464,
      "vram_fp16_value_cache_bytes": 1744830464
    },
    "decode_s": 16.724269416066818,
    "decode_steps": 64,
    "decode_tok_s": 3.8267740376459085,
    "decode_ms_per_token": 261.31670962604403,
    "decode_step_ms": [
      253.73126220703125,
      249.39715576171875,
      281.25250244140625,
      289.1588134765625,
      251.0198974609375,
      251.56163024902344,
      248.19984436035156,
      383.3934326171875,
      244.17245483398438,
      246.46861267089844,
      252.098876953125,
      250.41990661621094,
      252.61734008789062,
      256.5597839355469,
      248.81936645507812,
      244.40383911132812,
      239.87266540527344,
      248.6248016357422,
      250.23452758789062,
      248.04010009765625,
      248.43641662597656,
      253.7539825439453,
      246.3525390625,
      372.9189453125,
      251.05270385742188,
      246.62185668945312,
      253.6004180908203,
      256.8311462402344,
      264.9760437011719,
      255.88291931152344,
      257.68206787109375,
      253.29525756835938,
      251.12953186035156,
      250.91647338867188,
      242.7398681640625,
      254.01820373535156,
      250.7854461669922,
      248.12713623046875,
      254.6960906982422,
      381.303466796875,
      256.9328918457031,
      252.2842254638672,
      261.9644470214844,
      323.5703430175781,
      251.03427124023438,
      248.7169952392578,
      244.58819580078125,
      246.7723846435547,
      251.6558380126953,
      257.83978271484375,
      250.16493225097656,
      250.9574737548828,
      255.1650848388672,
      256.87725830078125,
      246.56495666503906,
      375.53424072265625,
      251.6466522216797,
      250.88473510742188,
      252.69418334960938,
      253.21539306640625,
      254.47695922851562,
      250.44239807128906,
      246.6986541748047,
      248.30120849609375
    ],
    "decode_step_ms_stats": {
      "mean": 261.3148567676544,
      "std": 32.32335059854244,
      "n": 64
    },
    "nll": 218.39816284179688,
    "perplexity": 30.340131083727986,
    "runtime_profile": {
      "model_forward_ms_total": 16724.269416066818,
      "qkv_projection_ms_total": 0.0,
      "append_runtime_ms_total": 0.0,
      "decode_runtime_ms_total": 0.0,
      "output_projection_ms_total": 0.0,
      "other_overhead_ms_total": 16724.269416066818,
      "per_layer": []
    },
    "phase_timings_ms": {},
    "native_profile": null,
    "telemetry": {
      "n_steps": 64,
      "int8_tail_fraction": 0.8752377517252939,
      "k_star_mean": 218.25309075249567,
      "k_star_max": 256,
      "rung1_trigger_rate": 1.0,
      "rung2_trigger_rate": 1.0,
      "rung3_trigger_rate": 1.0,
      "rung4_trigger_rate": 0.0,
      "rung1_expansion_rate": 1.0,
      "boundary_check_triggers": 554,
      "score_consistency_violations": 0,
      "ranking_consistency_fire_rate": 0.008992513020833334,
      "e_key_mean": 0.5976470344628777,
      "e_key_max": 10.686408042907715,
      "e_val_mean": 0.028248301629218986,
      "e_val_max": 0.049999989569187164,
      "value_fallback_blocks": 123520,
      "h2d_bytes_per_step": 263198664.0,
      "h2d_total_bytes": 16844714496,
      "fp16_cache_hit_rate": 0.9550817255010415,
      "fp16_cache_total_hits": 2375974,
      "fp16_cache_total_misses": 111744,
      "fp16_value_cache_hit_rate": null,
      "fp16_value_cache_total_hits": 0,
      "fp16_value_cache_total_misses": 0
    }
  },
  "certified_vs_dense_decode_speed": null,
  "quality_window": null
}