{
  "benchmark": "decode_speed_compare",
  "model": "NousResearch/Meta-Llama-3.1-8B",
  "mode": "certified",
  "context_length": 65536,
  "prefix_len": 32768,
  "chunk_tokens": 65536,
  "chunk_index": 0,
  "book_idx": 1,
  "warmup_steps": 8,
  "measure_steps": 64,
  "measured_token_start": 32776,
  "measured_token_end_exclusive": 32840,
  "cache_config": {
    "v_tolerance": 0.05,
    "quantization_mode": "asymmetric_int8_keys+int4_g16_values",
    "asymmetric_keys": true,
    "use_int4_values": true,
    "group_size": 16,
    "score_consistency_check": false,
    "tau_cov": 0.995,
    "k_min": 2,
    "k_max": 128,
    "ranking_fallback": true,
    "ranking_r": 1,
    "ranking_fallback_mode": "full",
    "fp16_key_cache_blocks": 1792,
    "fp16_value_cache_blocks": 1792,
    "eps_guard": 0.01,
    "exploration_rate": 0.02,
    "rung1_threshold": 0.02,
    "rung1_multiplier": 2.0,
    "attention_backend": "native_blackwell",
    "static_resident_cache": "1",
    "splitk_blocks_per_split": "auto_native_32_24_16",
    "cuda_graph_decode": false,
    "runtime_profile": "0",
    "code_sha": "0e0d8154a6bcfa6c88f355c177d125b66510a7de-dirty",
    "dotcache_config_hash": "53b3645f0ca01840475f024595704f9fe7c36023ee9a21066ffaa567f20f0bb8"
  },
  "dense": null,
  "certified": {
    "prefill_s": 2.9998020329512656,
    "cache_build_s": 11.337667376035824,
    "cache_decode_budget": 32783,
    "cache_runtime": {
      "static_resident_key_cache": false,
      "static_resident_value_cache": false,
      "static_resident_key_prepare_bytes": 0,
      "static_resident_value_prepare_bytes": 0,
      "vram_fp16_key_cache_bytes": 1879048192,
      "vram_fp16_value_cache_bytes": 1879048192
    },
    "decode_s": 16.667152925976552,
    "decode_steps": 64,
    "decode_tok_s": 3.839887969123566,
    "decode_ms_per_token": 260.4242644683836,
    "decode_step_ms": [
      257.10491943359375,
      252.7073974609375,
      250.36253356933594,
      256.1491394042969,
      252.90716552734375,
      252.6009979248047,
      252.94505310058594,
      375.6878356933594,
      243.40550231933594,
      242.7510986328125,
      254.09706115722656,
      251.49302673339844,
      252.79965209960938,
      262.4477844238281,
      253.13551330566406,
      249.25762939453125,
      241.24176025390625,
      249.56072998046875,
      257.6964111328125,
      250.61138916015625,
      252.68185424804688,
      254.36026000976562,
      251.09671020507812,
      371.91748046875,
      255.22344970703125,
      248.10665893554688,
      251.59336853027344,
      257.9442138671875,
      261.24359130859375,
      254.96435546875,
      259.13824462890625,
      253.2901153564453,
      250.0963134765625,
      253.14572143554688,
      246.019775390625,
      255.08111572265625,
      251.08441162109375,
      249.5504913330078,
      252.78839111328125,
      376.898193359375,
      255.33302307128906,
      252.49551391601562,
      264.2295227050781,
      248.82447814941406,
      254.72169494628906,
      251.0137939453125,
      247.23829650878906,
      250.97897338867188,
      252.51805114746094,
      259.08392333984375,
      255.58493041992188,
      249.24330139160156,
      255.19375610351562,
      258.3794250488281,
      247.87420654296875,
      373.5323181152344,
      254.71658325195312,
      252.2190704345703,
      253.62806701660156,
      257.2336120605469,
      252.54360961914062,
      254.29263305664062,
      249.2433319091797,
      251.78585815429688
    ],
    "decode_step_ms_stats": {
      "mean": 260.4233639240265,
      "std": 29.754150254751057,
      "n": 64
    },
    "nll": 218.5032196044922,
    "perplexity": 30.38997566951708,
    "runtime_profile": {
      "model_forward_ms_total": 16667.152925976552,
      "qkv_projection_ms_total": 0.0,
      "append_runtime_ms_total": 0.0,
      "decode_runtime_ms_total": 0.0,
      "output_projection_ms_total": 0.0,
      "other_overhead_ms_total": 16667.152925976552,
      "per_layer": []
    },
    "phase_timings_ms": {},
    "native_profile": null,
    "telemetry": {
      "n_steps": 64,
      "int8_tail_fraction": 0.8751988627705614,
      "k_star_mean": 218.25474378797742,
      "k_star_max": 256,
      "rung1_trigger_rate": 1.0,
      "rung2_trigger_rate": 1.0,
      "rung3_trigger_rate": 1.0,
      "rung4_trigger_rate": 0.0,
      "rung1_expansion_rate": 1.0,
      "boundary_check_triggers": 559,
      "score_consistency_violations": 0,
      "ranking_consistency_fire_rate": 0.008748372395833334,
      "e_key_mean": 0.597287117697609,
      "e_key_max": 10.607889175415039,
      "e_val_mean": 0.02827690944731229,
      "e_val_max": 0.04999982565641403,
      "value_fallback_blocks": 123726,
      "h2d_bytes_per_step": 245397872.0,
      "h2d_total_bytes": 15705463808,
      "fp16_cache_hit_rate": 0.9671055036382297,
      "fp16_cache_total_hits": 2407643,
      "fp16_cache_total_misses": 81892,
      "fp16_value_cache_hit_rate": null,
      "fp16_value_cache_total_hits": 0,
      "fp16_value_cache_total_misses": 0
    }
  },
  "certified_vs_dense_decode_speed": null,
  "quality_window": null
}